COD_FONTE_ATU	SGL_FONTE_ATU	DSC_FONTE_ATU	NUM_ANO_BASE	NUM_MES_BASE	DAT_FONTE_ATU	COD_TIPO_FONTE	VAL_PRIORIDADE	DSC_LST_ESCOPO
0	RAIS	RELACAO ANUAL DE INFORMAÇÕES SOCIAIS	1992		01set.1994 0:00:00	R	199250	215,211,606,607,200,201,204,206,207,208,209,210,214,216,217,223,229,231,233,234,235,236,242,243,244,600,601,603,605,608,610,611,612,613,614,616,617,618,619,620,621,622,623,624,625,626,628,629,636,638,639,640,641,646,647,648,245,246,649,247,248,249,250,251,252,650,651,652,653,654,655,257,656,230,232,237
1	RAIS	RELACAO ANUAL DE INFORMAÇÕES SOCIAIS	1993		28fev.1996 0:00:00	R	199350	215,211,606,607,200,201,204,206,207,208,209,210,214,216,217,223,229,231,233,234,235,236,242,243,244,600,601,603,605,608,610,611,612,613,614,616,617,618,619,620,621,622,623,624,625,626,628,629,636,638,639,640,641,646,647,648,245,246,649,247,248,249,250,251,252,650,651,652,653,654,655,257,656,230,232,237
2	GAZETA		1994		01dez.1994 0:00:00	R	199450	223,217,216,210,215,211,207,606,614,613,607,648,647,244,243,200,600,616,617,618,619,620,621,622,625,626,245,246,649,247,248,249,250,251,252,650,651,652,653,654,655,257
3	REV/CONJUN		1994		01dez.1994 0:00:00	R	199450	223,217,216,210,215,207,606,614,613,607,648,647,244,243,200,208,211,240,600,616,617,618,619,620,621,622,625,626,644,245,246,649,247,248,249,250,251,252,650,651,652,653,654,655,257
4	PEE		1994		03mai.1995 0:00:00	I	199475	223,217,216,210,207,606,614,613,607,648,647,244,243,200,600,616,617,618,619,620,621,622,625,626,245,246,649,257
5	PATR		1994		01mai.1996 0:00:00	I	199475	223,210,607,648,647,244,243,200,203,207,209,212,216,217,218,230,232,237,239,240,241,600,602,606,609,613,614,615,616,617,618,619,620,621,622,623,624,625,626,627,628,637,642,643,644,645,245,246,649,257
6	PAC	PESQUISA ANUAL DE COMÉRCIO	1994		01dez.1996 0:00:00	I	199475	216,613,607,200,203,205,207,208,209,210,212,217,218,223,230,232,237,239,240,241,243,244,600,602,604,606,609,614,615,616,617,618,619,620,621,622,623,624,625,626,627,628,630,637,642,643,644,645,647,648,245,246,649,257
7	PIA	PESQUISA INDUSTRIAL ANUAL	1994		01dez.1996 0:00:00	I	199475	223,216,210,613,607,648,647,244,243,200,203,205,207,208,209,212,217,218,230,232,237,239,240,241,600,602,604,606,609,614,615,616,617,618,619,620,621,622,623,624,625,626,627,628,630,637,642,643,644,645,245,246,649,257
8	PAIC	PESQUISA ANUAL DA INDÚSTRIA DA CONSTRUÇÃO	1994		01dez.1996 0:00:00	I	199475	216,613,607,200,203,205,207,208,209,210,212,217,218,223,230,232,237,239,240,241,243,244,600,602,604,606,609,614,615,616,617,618,619,620,621,622,623,624,625,626,627,628,630,637,642,643,644,645,647,648,245,246,649,257
9	FGV	FUNDAÇÃO GETULIO VARGAS	1995		01dez.1995 0:00:00	R	199550	223,217,216,210,215,211,207,606,614,613,607,648,647,244,243,200,202,212,239,240,600,601,616,617,618,619,620,621,622,625,626,643,644,245,246,649,247,248,249,250,251,252,650,651,652,653,654,655,257
10	GAZETA		1995		01dez.1995 0:00:00	R	199550	223,217,216,210,215,211,207,606,614,613,607,648,647,244,243,200,600,616,617,618,619,620,621,622,625,626,245,246,649,247,248,249,250,251,252,650,651,652,653,654,655,257
11	REV/EXAME		1995		01dez.1995 0:00:00	R	199550	223,217,216,210,215,207,606,614,613,607,648,647,244,243,200,208,211,229,231,239,240,600,616,617,618,619,620,621,622,625,626,636,643,644,245,246,649,247,248,249,250,251,252,650,651,652,653,654,655,257
12	PATR		1995		01mai.1997 0:00:00	I	199575	223,210,607,648,647,244,243,200,203,207,209,212,216,217,218,230,232,237,239,240,241,600,602,606,609,613,614,615,616,617,618,619,620,621,622,623,624,625,626,627,628,637,642,643,644,645,245,246,649,257
13	PAC	PESQUISA ANUAL DE COMÉRCIO	1995		01dez.1997 0:00:00	I	199575	216,613,607,200,203,205,207,208,209,210,212,217,218,223,230,232,237,239,240,241,243,244,600,602,604,606,609,614,615,616,617,618,619,620,621,622,623,624,625,626,627,628,630,637,642,643,644,645,647,648,245,246,649,257
14	PIA	PESQUISA INDUSTRIAL ANUAL	1995		01dez.1997 0:00:00	I	199575	223,216,210,613,607,648,647,244,243,200,203,205,207,208,209,212,217,218,230,232,237,239,240,241,600,602,604,606,609,614,615,616,617,618,619,620,621,622,623,624,625,626,627,628,630,637,642,643,644,645,245,246,649,257
15	PAIC	PESQUISA ANUAL DA INDÚSTRIA DA CONSTRUÇÃO	1995		01dez.1997 0:00:00	I	199575	216,613,607,200,203,205,207,208,209,210,212,217,218,223,230,232,237,239,240,241,243,244,600,602,604,606,609,614,615,616,617,618,619,620,621,622,623,624,625,626,627,628,630,637,642,643,644,645,647,648,245,246,649,257
16	RAIS	RELACAO ANUAL DE INFORMAÇÕES SOCIAIS	1995		30jan.1998 0:00:00	R	199550	215,211,606,607,200,201,204,206,207,208,209,210,214,216,217,223,229,231,233,234,235,236,242,243,244,600,601,603,605,608,610,611,612,613,614,616,617,618,619,620,621,622,623,624,625,626,628,629,636,638,639,640,641,646,647,648,245,246,649,247,248,249,250,251,252,650,651,652,653,654,655,257,656,230,232,237
17	CC/95	CENSO CADASTRO 1995	1995		29jan.1998 0:00:00	I	199575	223,210,207,607,648,647,244,243,200,203,208,209,212,216,217,218,230,232,237,239,240,241,600,602,606,609,613,614,615,616,617,618,619,620,621,622,623,624,625,626,627,628,637,642,643,644,645,245,246,649,257
18	SCC		1995		28fev.1998 0:00:00	I	199575	223,607,648,647,244,243,200,201,203,205,207,208,209,210,212,216,217,218,219,220,221,222,230,232,237,239,240,241,600,602,604,606,609,613,614,615,616,617,618,619,620,621,622,623,624,625,626,627,628,629,630,637,642,643,644,645,245,246,649,257
19	FGV	FUNDAÇÃO GETULIO VARGAS	1996		01dez.1996 0:00:00	R	199650	223,217,216,210,215,211,207,606,614,613,607,648,647,244,243,200,202,212,239,240,600,601,616,617,618,619,620,621,622,625,626,643,644,245,246,649,247,248,249,250,251,252,650,651,652,653,654,655,257
20	GAZETA		1996		01dez.1996 0:00:00	R	199650	223,217,216,210,215,211,207,606,614,613,607,648,647,244,243,200,600,616,617,618,619,620,621,622,625,626,245,246,649,247,248,249,250,251,252,650,651,652,653,654,655,257
21	RAIS	RELACAO ANUAL DE INFORMAÇÕES SOCIAIS	1996		31jan.1998 12:00:00	R	199650	215,211,606,607,200,201,204,206,207,208,209,210,214,216,217,223,229,231,233,234,235,236,242,243,244,600,601,603,605,608,610,611,612,613,614,616,617,618,619,620,621,622,623,624,625,626,628,629,636,638,639,640,641,646,647,648,245,246,649,247,248,249,250,251,252,650,651,652,653,654,655,257,656,230,232,237
22	PATR		1996		12mai.1998 0:00:00	I	199675	223,210,607,648,647,244,243,200,203,207,209,212,216,217,218,230,232,237,239,240,241,600,602,606,609,613,614,615,616,617,618,619,620,621,622,623,624,625,626,627,628,637,642,643,644,645,245,246,649,257
23	PAC	PESQUISA ANUAL DE COMÉRCIO	1996		01dez.1998 0:00:00	I	199675	216,613,607,200,203,205,207,208,209,210,212,217,218,223,230,232,237,239,240,241,243,244,600,602,604,606,609,614,615,616,617,618,619,620,621,622,623,624,625,626,627,628,630,637,642,643,644,645,647,648,245,246,649,257
24	PAIC	PESQUISA ANUAL DA INDÚSTRIA DA CONSTRUÇÃO	1996		01dez.1998 0:00:00	I	199675	216,613,607,200,203,205,207,208,209,210,212,217,218,223,230,232,237,239,240,241,243,244,600,602,604,606,609,614,615,616,617,618,619,620,621,622,623,624,625,626,627,628,630,637,642,643,644,645,647,648,245,246,649,257
25	PIA	PESQUISA INDUSTRIAL ANUAL	1996		19jan.1999 0:00:00	I	199675	223,216,210,613,607,648,647,244,243,200,203,205,207,208,209,212,217,218,230,232,237,239,240,241,600,602,604,606,609,614,615,616,617,618,619,620,621,622,623,624,625,626,627,628,630,637,642,643,644,645,245,246,649,257
26	FGV		1997		01dez.1997 0:00:00	R	199750	223,217,216,210,215,211,207,606,614,613,607,648,647,244,243,200,202,212,239,240,600,601,616,617,618,619,620,621,622,625,626,643,644,245,246,649,247,248,249,250,251,252,650,651,652,653,654,655,257
27	RAIS	RELACAO ANUAL DE INFORMAÇÕES SOCIAIS	1997		01jul.1999 0:00:00	R	199750	215,211,606,607,200,201,204,206,207,208,209,210,214,216,217,223,229,231,233,234,235,236,242,243,244,600,601,603,605,608,610,611,612,613,614,616,617,618,619,620,621,622,623,624,625,626,628,629,636,638,639,640,641,646,647,648,245,246,649,247,248,249,250,251,252,650,651,652,653,654,655,257,656,230,232,237
28	PAC	PESQUISA ANUAL DE COMÉRCIO	1997		03dez.1999 0:00:00	I	199775	216,613,607,200,203,205,207,208,209,210,212,217,218,223,230,232,237,239,240,241,243,244,600,602,604,606,609,614,615,616,617,618,619,620,621,622,623,624,625,626,627,628,630,637,642,643,644,645,647,648,245,246,649,257
29	PAIC	PESQUISA ANUAL DA INDÚSTRIA DA CONSTRUÇÃO	1997		03dez.1999 0:00:00	I	199775	216,613,607,200,203,205,207,208,209,210,212,217,218,223,230,232,237,239,240,241,243,244,600,602,604,606,609,614,615,616,617,618,619,620,621,622,623,624,625,626,627,628,630,637,642,643,644,645,647,648,245,246,649,257
30	PIA	PESQUISA INDUSTRIAL ANUAL	1997		06dez.1999 0:00:00	I	199775	223,216,210,613,607,648,647,244,243,200,203,205,207,208,209,212,217,218,230,232,237,239,240,241,600,602,604,606,609,614,615,616,617,618,619,620,621,622,623,624,625,626,627,628,630,637,642,643,644,645,245,246,649,257
31	BACEN		1998		12ago.1998 0:00:00	R	199850	223,217,216,210,215,211,207,606,614,613,607,648,647,244,243,200,600,616,617,618,619,620,621,622,625,626,245,246,649,247,248,249,250,251,252,650,651,652,653,654,655,257
32	FGV		1998		01dez.1998 0:00:00	R	199850	223,217,216,210,215,211,207,606,614,613,607,648,647,244,243,200,202,212,239,240,600,601,616,617,618,619,620,621,622,625,626,643,644,245,246,649,247,248,249,250,251,252,650,651,652,653,654,655,257
33	RAIS	RELACAO ANUAL DE INFORMAÇÕES SOCIAIS	1998		20dez.1999 0:00:00	R	199850	215,211,606,607,200,201,204,206,207,208,209,210,214,216,217,223,229,231,233,234,235,236,242,243,244,600,601,603,605,608,610,611,612,613,614,616,617,618,619,620,621,622,623,624,625,626,628,629,636,638,639,640,641,646,647,648,245,246,649,247,248,249,250,251,252,650,651,652,653,654,655,257,656,230,232,237
34	PAIC	PESQUISA ANUAL DA INDÚSTRIA DA CONSTRUÇÃO	1998		04set.2000 0:00:00	I	199875	216,613,607,200,203,205,207,208,209,210,212,217,218,223,230,232,237,239,240,241,243,244,600,602,604,606,609,614,615,616,617,618,619,620,621,622,623,624,625,626,627,628,630,637,642,643,644,645,647,648,245,246,649,257
35	PIA	PESQUISA INDUSTRIAL ANUAL	1998		29nov.2000 0:00:00	I	199875	223,216,210,613,607,648,647,244,243,200,203,205,207,208,209,212,217,218,230,232,237,239,240,241,600,602,604,606,609,614,615,616,617,618,619,620,621,622,623,624,625,626,627,628,630,637,642,643,644,645,245,246,649,257
36	PAC	PESQUISA ANUAL DE COMÉRCIO	1998		05dez.2000 0:00:00	I	199875	216,613,607,200,203,205,207,208,209,210,212,217,218,223,230,232,237,239,240,241,243,244,600,602,604,606,609,614,615,616,617,618,619,620,621,622,623,624,625,626,627,628,630,637,642,643,644,645,647,648,245,246,649,257
37	PAS	PESQUISA ANUAL DE SERVIÇOS	1998		06dez.2000 0:00:00	I	199875	216,613,607,200,203,205,207,208,209,210,212,217,218,223,230,232,237,239,240,241,243,244,600,602,604,606,609,614,615,616,617,618,619,620,621,622,623,624,625,626,627,628,630,637,642,643,644,645,647,648,245,246,649,257
38	CAGED	CADASTRO GERAL DE EMPREGADOS E DESEMPREGADOS	1999	8	23dez.1999 0:00:00	R	199825	215,606,607,200,201,202,204,206,207,208,209,210,211,214,216,217,223,229,231,243,244,600,601,603,605,608,611,613,614,616,618,619,620,621,622,623,624,625,626,636,647,648,245,246,649,247,248,249,250,251,252,650,651,652,653,654,655,257
39	CVM		1999		01dez.1999 0:00:00	R	199950	223,217,216,210,215,211,207,606,614,613,607,648,647,244,243,200,202,212,239,240,600,601,616,617,618,619,620,621,622,625,626,643,644,245,246,649,247,248,249,250,251,252,650,651,652,653,654,655,257
40	FGV	FUNDAÇÃO GETULIO VARGAS	1999		01dez.1999 0:00:00	R	199950	223,217,216,210,215,211,207,606,614,613,607,648,647,244,243,200,202,212,239,240,600,601,616,617,618,619,620,621,622,625,626,643,644,245,246,649,247,248,249,250,251,252,650,651,652,653,654,655,257
41	REV/EXAME		1999		01dez.1999 0:00:00	R	199950	223,217,216,210,215,207,606,614,613,607,648,647,244,243,200,208,211,229,231,239,240,600,616,617,618,619,620,621,622,625,626,636,643,644,245,246,649,247,248,249,250,251,252,650,651,652,653,654,655,257
42	RAIS	RELACAO ANUAL DE INFORMAÇÕES SOCIAIS	1999		10jan.2001 0:00:00	R	199950	215,211,606,607,200,201,204,206,207,208,209,210,214,216,217,223,229,231,233,234,235,236,242,243,244,600,601,603,605,608,610,611,612,613,614,616,617,618,619,620,621,622,623,624,625,626,628,629,636,638,639,640,641,646,647,648,245,246,649,247,248,249,250,251,252,650,651,652,653,654,655,257,656,230,232,237
43	PAIC	PESQUISA ANUAL DA INDÚSTRIA DA CONSTRUÇÃO	1999		18jul.2001 0:00:00	I	199975	216,613,607,200,203,205,207,208,209,210,212,217,218,223,230,232,237,239,240,241,243,244,600,602,604,606,609,614,615,616,617,618,619,620,621,622,623,624,625,626,627,628,630,637,642,643,644,645,647,648,245,246,649,257
44	PAS	PESQUISA ANUAL DE SERVIÇOS	1999		23jul.2001 0:00:00	I	199975	216,613,607,200,203,205,207,208,209,210,212,217,218,223,230,232,237,239,240,241,243,244,600,602,604,606,609,614,615,616,617,618,619,620,621,622,623,624,625,626,627,628,630,637,642,643,644,645,647,648,245,246,649,257
45	PAC	PESQUISA ANUAL DE COMÉRCIO	1999		23jul.2001 0:00:00	I	199975	216,613,607,200,203,205,207,208,209,210,212,217,218,223,230,232,237,239,240,241,243,244,600,602,604,606,609,614,615,616,617,618,619,620,621,622,623,624,625,626,627,628,630,637,642,643,644,645,647,648,245,246,649,257
46	PIA	PESQUISA INDUSTRIAL ANUAL	1999		23jul.2001 0:00:00	I	199975	223,216,210,613,607,648,647,244,243,200,203,205,207,208,209,212,217,218,230,232,237,239,240,241,600,602,604,606,609,614,615,616,617,618,619,620,621,622,623,624,625,626,627,628,630,637,642,643,644,645,245,246,649,257
47	CAGED	CADASTRO GERAL DE EMPREGADOS E DESEMPREGADOS	2000	4	17ago.2000 0:00:00	R	199925	215,606,607,200,201,202,204,206,207,208,209,210,211,214,216,217,223,229,231,243,244,600,601,603,605,608,611,613,614,616,618,619,620,621,622,623,624,625,626,636,647,648,245,246,649,247,248,249,250,251,252,650,651,652,653,654,655,257
48	CAGED	CADASTRO GERAL DE EMPREGADOS E DESEMPREGADOS	2000	9	19jan.2001 0:00:00	R	199925	215,606,607,200,201,202,204,206,207,208,209,210,211,214,216,217,223,229,231,243,244,600,601,603,605,608,611,613,614,616,618,619,620,621,622,623,624,625,626,636,647,648,245,246,649,247,248,249,250,251,252,650,651,652,653,654,655,257
49	FGV	FUNDAÇÃO GETULIO VARGAS	2000		01dez.2000 0:00:00	R	200050	223,217,216,210,215,211,207,606,614,613,607,648,647,244,243,200,202,212,239,240,600,601,616,617,618,619,620,621,622,625,626,643,644,245,246,649,247,248,249,250,251,252,650,651,652,653,654,655,257
50	RAIS	RELACAO ANUAL DE INFORMAÇÕES SOCIAIS	2000		26out.2001 0:00:00	R	200050	215,211,606,607,200,201,204,206,207,208,209,210,214,216,217,223,229,231,233,234,235,236,242,243,244,600,601,603,605,608,610,611,612,613,614,616,617,618,619,620,621,622,623,624,625,626,628,629,636,638,639,640,641,646,647,648,245,246,649,247,248,249,250,251,252,650,651,652,653,654,655,257,656,230,232,237
51	DCC	GERÊNCIA DO CADASTRO CENTRAL DE EMPRESAS	2000		14jun.2002 0:00:00	I	200075	216,613,200,201,203,205,207,208,209,210,212,217,218,219,220,221,222,223,230,232,237,239,240,241,243,244,600,602,604,606,607,609,614,615,616,617,618,619,620,621,622,623,624,625,626,627,628,629,630,637,642,643,644,645,647,648,245,246,649,257,657
52	PIA	PESQUISA INDUSTRIAL ANUAL	2000		18jun.2002 0:00:00	I	200075	223,216,210,613,607,648,647,244,243,200,203,205,207,208,209,212,217,218,230,232,237,239,240,241,600,602,604,606,609,614,615,616,617,618,619,620,621,622,623,624,625,626,627,628,630,637,642,643,644,645,245,246,649,257
53	PAS	PESQUISA ANUAL DE SERVIÇOS	2000		19jun.2002 0:00:00	I	200075	216,613,607,200,203,205,207,208,209,210,212,217,218,223,230,232,237,239,240,241,243,244,600,602,604,606,609,614,615,616,617,618,619,620,621,622,623,624,625,626,627,628,630,637,642,643,644,645,647,648,245,246,649,257
54	PAC	PESQUISA ANUAL DE COMÉRCIO	2000		19jun.2002 0:00:00	I	200075	216,613,607,200,203,205,207,208,209,210,212,217,218,223,230,232,237,239,240,241,243,244,600,602,604,606,609,614,615,616,617,618,619,620,621,622,623,624,625,626,627,628,630,637,642,643,644,645,647,648,245,246,649,257
55	PAIC	PESQUISA ANUAL DA INDÚSTRIA DA CONSTRUÇÃO	2000		20ago.2002 0:00:00	I	200075	216,613,607,200,203,205,207,208,209,210,212,217,218,223,230,232,237,239,240,241,243,244,600,602,604,606,609,614,615,616,617,618,619,620,621,622,623,624,625,626,627,628,630,637,642,643,644,645,647,648,245,246,649,257
56	CAGED	CADASTRO GERAL DE EMPREGADOS E DESEMPREGADOS	2001	3	19out.2001 0:00:00	R	200025	215,606,607,200,201,202,204,206,207,208,209,210,211,214,216,217,223,229,231,243,244,600,601,603,605,608,611,613,614,616,618,619,620,621,622,623,624,625,626,636,647,648,245,246,649,247,248,249,250,251,252,650,651,652,653,654,655,257
57	CAGED	CADASTRO GERAL DE EMPREGADOS E DESEMPREGADOS	2001	9	13dez.2001 0:00:00	R	200025	215,606,607,200,201,202,204,206,207,208,209,210,211,214,216,217,223,229,231,243,244,600,601,603,605,608,611,613,614,616,618,619,620,621,622,623,624,625,626,636,647,648,245,246,649,247,248,249,250,251,252,650,651,652,653,654,655,257
58	FGV	FUNDAÇÃO GETULIO VARGAS	2001		01dez.2001 0:00:00	R	200150	223,217,216,210,215,211,207,606,614,613,607,648,647,244,243,200,202,212,239,240,600,601,616,617,618,619,620,621,622,625,626,643,644,245,246,649,247,248,249,250,251,252,650,651,652,653,654,655,257
59	RAIS	RELACAO ANUAL DE INFORMAÇÕES SOCIAIS	2001		17dez.2002 0:00:00	R	200150	215,211,606,607,200,201,204,206,207,208,209,210,214,216,217,223,229,231,233,234,235,236,242,243,244,600,601,603,605,608,610,611,612,613,614,616,617,618,619,620,621,622,623,624,625,626,628,629,636,638,639,640,641,646,647,648,245,246,649,247,248,249,250,251,252,650,651,652,653,654,655,257,656,230,232,237
60	PAIC	PESQUISA ANUAL DA INDÚSTRIA DA CONSTRUÇÃO	2001		20mai.2003 0:00:00	I	200175	216,613,607,200,203,205,207,208,209,210,212,217,218,223,230,232,237,239,240,241,243,244,600,602,604,606,609,614,615,616,617,618,619,620,621,622,623,624,625,626,627,628,630,637,642,643,644,645,647,648,245,246,649,257
61	PAS	PESQUISA ANUAL DE SERVIÇOS	2001		20out.2003 0:00:00	I	200175	216,613,607,200,203,205,207,208,209,210,212,217,218,223,230,232,237,239,240,241,243,244,600,602,604,606,609,614,615,616,617,618,619,620,621,622,623,624,625,626,627,628,630,637,642,643,644,645,647,648,245,246,649,257
62	PAC	PESQUISA ANUAL DE COMÉRCIO	2001		20out.2003 0:00:00	I	200175	216,613,607,200,203,205,207,208,209,210,212,217,218,223,230,232,237,239,240,241,243,244,600,602,604,606,609,614,615,616,617,618,619,620,621,622,623,624,625,626,627,628,630,637,642,643,644,645,647,648,245,246,649,257
63	PIA	PESQUISA INDUSTRIAL ANUAL	2001		21nov.2003 0:00:00	I	200175	223,216,210,613,607,648,647,244,243,200,203,205,207,208,209,212,217,218,230,232,237,239,240,241,600,602,604,606,609,614,615,616,617,618,619,620,621,622,623,624,625,626,627,628,630,637,642,643,644,645,245,246,649,257
64	DCC	GERÊNCIA DO CADASTRO CENTRAL DE EMPRESAS	2001		14jun.2004 0:00:00	I	200175	216,613,200,201,203,205,207,208,209,210,212,217,218,219,220,221,222,223,230,232,237,239,240,241,243,244,600,602,604,606,607,609,614,615,616,617,618,619,620,621,622,623,624,625,626,627,628,629,630,637,642,643,644,645,647,648,245,246,649,257,657
65	CAGED	CADASTRO GERAL DE EMPREGADOS E DESEMPREGADOS	2002	3	29jul.2002 0:00:00	R	200125	215,606,607,200,201,202,204,206,207,208,209,210,211,214,216,217,223,229,231,243,244,600,601,603,605,608,611,613,614,616,618,619,620,621,622,623,624,625,626,636,647,648,245,246,649,247,248,249,250,251,252,650,651,652,653,654,655,257
66	CAGED	CADASTRO GERAL DE EMPREGADOS E DESEMPREGADOS	2002	9	05dez.2002 0:00:00	R	200125	215,606,607,200,201,202,204,206,207,208,209,210,211,214,216,217,223,229,231,243,244,600,601,603,605,608,611,613,614,616,618,619,620,621,622,623,624,625,626,636,647,648,245,246,649,247,248,249,250,251,252,650,651,652,653,654,655,257
67	FGV	FUNDAÇÃO GETULIO VARGAS	2002		01dez.2002 0:00:00	R	200250	223,217,216,210,215,211,207,606,614,613,607,648,647,244,243,200,202,212,239,240,600,601,616,617,618,619,620,621,622,625,626,643,644,245,246,649,247,248,249,250,251,252,650,651,652,653,654,655,257
68	RAIS	RELACAO ANUAL DE INFORMAÇÕES SOCIAIS	2002		12mar.2004 0:00:00	R	200250	215,211,606,607,200,201,204,206,207,208,209,210,214,216,217,223,229,231,233,234,235,236,242,243,244,600,601,603,605,608,610,611,612,613,614,616,617,618,619,620,621,622,623,624,625,626,628,629,636,638,639,640,641,646,647,648,245,246,649,247,248,249,250,251,252,650,651,652,653,654,655,257,656,230,232,237
69	DCC	GERÊNCIA DO CADASTRO CENTRAL DE EMPRESAS	2002		25mar.2004 0:00:00	I	200275	216,613,200,201,203,205,207,208,209,210,212,217,218,219,220,221,222,223,230,232,237,239,240,241,243,244,600,602,604,606,607,609,614,615,616,617,618,619,620,621,622,623,624,625,626,627,628,629,630,637,642,643,644,645,647,648,245,246,649,257,657
70	PIA	PESQUISA INDUSTRIAL ANUAL	2002		07jun.2004 0:00:00	I	200275	223,216,210,613,607,648,647,244,243,200,203,205,207,208,209,212,217,218,230,232,237,239,240,241,600,602,604,606,609,614,615,616,617,618,619,620,621,622,623,624,625,626,627,628,630,637,642,643,644,645,245,246,649,257
71	PAIC	PESQUISA ANUAL DA INDÚSTRIA DA CONSTRUÇÃO	2002		07jun.2004 0:00:00	I	200275	216,613,607,200,203,205,207,208,209,210,212,217,218,223,230,232,237,239,240,241,243,244,600,602,604,606,609,614,615,616,617,618,619,620,621,622,623,624,625,626,627,628,630,637,642,643,644,645,647,648,245,246,649,257
72	PAS	PESQUISA ANUAL DE SERVIÇOS	2002		08jun.2004 0:00:00	I	200275	216,613,607,200,203,205,207,208,209,210,212,217,218,223,230,232,237,239,240,241,243,244,600,602,604,606,609,614,615,616,617,618,619,620,621,622,623,624,625,626,627,628,630,637,642,643,644,645,647,648,245,246,649,257
73	PAC	PESQUISA ANUAL DE COMÉRCIO	2002		08jun.2004 0:00:00	I	200275	216,613,607,200,203,205,207,208,209,210,212,217,218,223,230,232,237,239,240,241,243,244,600,602,604,606,609,614,615,616,617,618,619,620,621,622,623,624,625,626,627,628,630,637,642,643,644,645,647,648,245,246,649,257
74	CAGED	CADASTRO GERAL DE EMPREGADOS E DESEMPREGADOS	2003	3	10set.2003 0:00:00	R	200225	215,606,607,200,201,202,204,206,207,208,209,210,211,214,216,217,223,229,231,243,244,600,601,603,605,608,611,613,614,616,618,619,620,621,622,623,624,625,626,636,647,648,245,246,649,247,248,249,250,251,252,650,651,652,653,654,655,257
75	CAGED	CADASTRO GERAL DE EMPREGADOS E DESEMPREGADOS	2003	9	16dez.2003 0:00:00	R	200225	215,606,607,200,201,202,204,206,207,208,209,210,211,214,216,217,223,229,231,243,244,600,601,603,605,608,611,613,614,616,618,619,620,621,622,623,624,625,626,636,647,648,245,246,649,247,248,249,250,251,252,650,651,652,653,654,655,257
76	RAIS	RELACAO ANUAL DE INFORMAÇÕES SOCIAIS	2003		30mar.2005 0:00:00	R	200350	215,211,606,607,200,201,204,206,207,208,209,210,214,216,217,223,229,231,233,234,235,236,242,243,244,600,601,603,605,608,610,611,612,613,614,616,617,618,619,620,621,622,623,624,625,626,628,629,636,638,639,640,641,646,647,648,245,246,649,247,248,249,250,251,252,650,651,652,653,654,655,257,656,230,232,237
77	DCC	GERÊNCIA DO CADASTRO CENTRAL DE EMPRESAS	2003		13jun.2005 0:00:00	I	200375	216,613,200,201,203,205,207,208,209,210,212,217,218,219,220,221,222,223,230,232,237,239,240,241,243,244,600,602,604,606,607,609,614,615,616,617,618,619,620,621,622,623,624,625,626,627,628,629,630,637,642,643,644,645,647,648,245,246,649,257,657
78	PAIC	PESQUISA ANUAL DA INDÚSTRIA DA CONSTRUÇÃO	2003		05ago.2005 0:00:00	I	200375	216,613,607,200,203,205,207,208,209,210,212,217,218,223,230,232,237,239,240,241,243,244,600,602,604,606,609,614,615,616,617,618,619,620,621,622,623,624,625,626,627,628,630,637,642,643,644,645,647,648,245,246,649,257
79	PAS	PESQUISA ANUAL DE SERVIÇOS	2003		08dez.2005 0:00:00	I	200375	216,613,607,200,203,205,207,208,209,210,212,217,218,223,230,232,237,239,240,241,243,244,600,602,604,606,609,614,615,616,617,618,619,620,621,622,623,624,625,626,627,628,630,637,642,643,644,645,647,648,245,246,649,257
80	PAC	PESQUISA ANUAL DE COMÉRCIO	2003		08dez.2005 0:00:00	I	200375	216,613,607,200,203,205,207,208,209,210,212,217,218,223,230,232,237,239,240,241,243,244,600,602,604,606,609,614,615,616,617,618,619,620,621,622,623,624,625,626,627,628,630,637,642,643,644,645,647,648,245,246,649,257
81	PIA	PESQUISA INDUSTRIAL ANUAL	2003		12dez.2005 0:00:00	I	200375	223,216,210,613,607,648,647,244,243,200,203,205,207,208,209,212,217,218,230,232,237,239,240,241,600,602,604,606,609,614,615,616,617,618,619,620,621,622,623,624,625,626,627,628,630,637,642,643,644,645,245,246,649,257
82	CAGED	CADASTRO GERAL DE EMPREGADOS E DESEMPREGADOS	2004	3	22set.2004 0:00:00	R	200325	215,606,607,200,201,202,204,206,207,208,209,210,211,214,216,217,223,229,231,243,244,600,601,603,605,608,611,613,614,616,618,619,620,621,622,623,624,625,626,636,647,648,245,246,649,247,248,249,250,251,252,650,651,652,653,654,655,257
83	CAGED	CADASTRO GERAL DE EMPREGADOS E DESEMPREGADOS	2004	9	24jan.2005 0:00:00	R	200325	215,606,607,200,201,202,204,206,207,208,209,210,211,214,216,217,223,229,231,243,244,600,601,603,605,608,611,613,614,616,618,619,620,621,622,623,624,625,626,636,647,648,245,246,649,247,248,249,250,251,252,650,651,652,653,654,655,257
84	RAIS	RELACAO ANUAL DE INFORMAÇÕES SOCIAIS	2004		01fev.2006 0:00:00	R	200450	215,211,606,607,200,201,204,206,207,208,209,210,214,216,217,223,229,231,233,234,235,236,242,243,244,600,601,603,605,608,610,611,612,613,614,616,617,618,619,620,621,622,623,624,625,626,628,629,636,638,639,640,641,646,647,648,245,246,649,247,248,249,250,251,252,650,651,652,653,654,655,257,656,230,232,237
85	PAC	PESQUISA ANUAL DE COMÉRCIO	2004		16mar.2006 0:00:00	I	200475	216,613,607,200,203,205,207,208,209,210,212,217,218,223,230,232,237,239,240,241,243,244,600,602,604,606,609,614,615,616,617,618,619,620,621,622,623,624,625,626,627,628,630,637,642,643,644,645,647,648,245,246,649,257
86	DCC	GERÊNCIA DO CADASTRO CENTRAL DE EMPRESAS	2004		21mar.2006 0:00:00	I	200475	216,613,200,201,203,205,207,208,209,210,212,217,218,219,220,221,222,223,230,232,237,239,240,241,243,244,600,602,604,606,607,609,614,615,616,617,618,619,620,621,622,623,624,625,626,627,628,629,630,637,642,643,644,645,647,648,245,246,649,257,657
87	PAIC	PESQUISA ANUAL DA INDÚSTRIA DA CONSTRUÇÃO	2004		02mai.2006 0:00:00	I	200475	216,613,607,200,203,205,207,208,209,210,212,217,218,223,230,232,237,239,240,241,243,244,600,602,604,606,609,614,615,616,617,618,619,620,621,622,623,624,625,626,627,628,630,637,642,643,644,645,647,648,245,246,649,257
88	PAS	PESQUISA ANUAL DE SERVIÇOS	2004		05jul.2006 0:00:00	I	200475	216,613,607,200,203,205,207,208,209,210,212,217,218,223,230,232,237,239,240,241,243,244,600,602,604,606,609,614,615,616,617,618,619,620,621,622,623,624,625,626,627,628,630,637,642,643,644,645,647,648,245,246,649,257
89	PIA	PESQUISA INDUSTRIAL ANUAL	2004		06jul.2006 0:00:00	I	200475	223,216,210,613,607,648,647,244,243,200,203,205,207,208,209,212,217,218,230,232,237,239,240,241,600,602,604,606,609,614,615,616,617,618,619,620,621,622,623,624,625,626,627,628,630,637,642,643,644,645,245,246,649,257
90	CAGED	CADASTRO GERAL DE EMPREGADOS E DESEMPREGADOS	2005	3	23ago.2005 0:00:00	R	200425	215,606,607,200,201,202,204,206,207,208,209,210,211,214,216,217,223,229,231,243,244,600,601,603,605,608,611,613,614,616,618,619,620,621,622,623,624,625,626,636,647,648,245,246,649,247,248,249,250,251,252,650,651,652,653,654,655,257
91	RAIS	RELACAO ANUAL DE INFORMAÇÕES SOCIAIS	2005		10dez.2006 0:00:00	R	200550	215,211,606,607,200,201,204,206,207,208,209,210,214,216,217,223,229,231,233,234,235,236,242,243,244,600,601,603,605,608,610,611,612,613,614,616,617,618,619,620,621,622,623,624,625,626,628,629,636,638,639,640,641,646,647,648,245,246,649,247,248,249,250,251,252,650,651,652,653,654,655,257,656,230,232,237
92	DCC	GERÊNCIA DO CADASTRO CENTRAL DE EMPRESAS	2005		01fev.2007 0:00:00	I	200575	216,613,200,201,203,205,207,208,209,210,212,217,218,219,220,221,222,223,230,232,237,239,240,241,243,244,600,602,604,606,607,609,614,615,616,617,618,619,620,621,622,623,624,625,626,627,628,629,630,637,642,643,644,645,647,648,245,246,649,257,657
93	PIA	PESQUISA INDUSTRIAL ANUAL	2005		12fev.2007 0:00:00	I	200575	223,216,210,613,607,648,647,244,243,200,203,205,207,208,209,212,217,218,230,232,237,239,240,241,600,602,604,606,609,614,615,616,617,618,619,620,621,622,623,624,625,626,627,628,630,637,642,643,644,645,245,246,649,257
94	PAIC	PESQUISA ANUAL DA INDÚSTRIA DA CONSTRUÇÃO	2005		14fev.2007 0:00:00	I	200575	216,613,607,200,203,205,207,208,209,210,212,217,218,223,230,232,237,239,240,241,243,244,600,602,604,606,609,614,615,616,617,618,619,620,621,622,623,624,625,626,627,628,630,637,642,643,644,645,647,648,245,246,649,257
95	PAS	PESQUISA ANUAL DE SERVIÇOS	2005		15fev.2007 0:00:00	I	200575	216,613,607,200,203,205,207,208,209,210,212,217,218,223,230,232,237,239,240,241,243,244,600,602,604,606,609,614,615,616,617,618,619,620,621,622,623,624,625,626,627,628,630,637,642,643,644,645,647,648,245,246,649,257
96	PAC	PESQUISA ANUAL DE COMÉRCIO	2005		15fev.2007 0:00:00	I	200575	216,613,607,200,203,205,207,208,209,210,212,217,218,223,230,232,237,239,240,241,243,244,600,602,604,606,609,614,615,616,617,618,619,620,621,622,623,624,625,626,627,628,630,637,642,643,644,645,647,648,245,246,649,257
97	CAGED	CADASTRO GERAL DE EMPREGADOS E DESEMPREGADOS	2006	3	26jun.2006 0:00:00	R	200525	215,606,607,200,201,202,204,206,207,208,209,210,211,214,216,217,223,229,231,243,244,600,601,603,605,608,611,613,614,616,618,619,620,621,622,623,624,625,626,636,647,648,245,246,649,247,248,249,250,251,252,650,651,652,653,654,655,257
98	CAGED	CADASTRO GERAL DE EMPREGADOS E DESEMPREGADOS	2006	9	04dez.2006 0:00:00	R	200525	215,606,607,200,201,202,204,206,207,208,209,210,211,214,216,217,223,229,231,243,244,600,601,603,605,608,611,613,614,616,618,619,620,621,622,623,624,625,626,636,647,648,245,246,649,247,248,249,250,251,252,650,651,652,653,654,655,257
99	RAIS	RELACAO ANUAL DE INFORMAÇÕES SOCIAIS	2006		15nov.2007 0:00:00	R	200650	215,211,606,607,200,201,204,206,207,208,209,210,214,216,217,223,229,231,233,234,235,236,242,243,244,600,601,603,605,608,610,611,612,613,614,616,617,618,619,620,621,622,623,624,625,626,628,629,636,638,639,640,641,646,647,648,245,246,649,247,248,249,250,251,252,650,651,652,653,654,655,257,656,230,232,237
100	PIA	PESQUISA INDUSTRIAL ANUAL	2006		27ago.2007 0:00:00	I	200675	223,216,210,613,607,648,647,244,243,200,203,205,207,208,209,212,217,218,230,232,237,239,240,241,600,602,604,606,609,614,615,616,617,618,619,620,621,622,623,624,625,626,627,628,630,637,642,643,644,645,245,246,649,257
101	PAIC	PESQUISA ANUAL DA INDÚSTRIA DA CONSTRUÇÃO	2006		27ago.2007 0:00:00	I	200675	216,613,607,200,203,205,207,208,209,210,212,217,218,223,230,232,237,239,240,241,243,244,600,602,604,606,609,614,615,616,617,618,619,620,621,622,623,624,625,626,627,628,630,637,642,643,644,645,647,648,245,246,649,257
102	PAS	PESQUISA ANUAL DE SERVIÇOS	2006		27ago.2007 0:00:00	I	200675	216,613,607,200,203,205,207,208,209,210,212,217,218,223,230,232,237,239,240,241,243,244,600,602,604,606,609,614,615,616,617,618,619,620,621,622,623,624,625,626,627,628,630,637,642,643,644,645,647,648,245,246,649,257
103	PAC	PESQUISA ANUAL DE COMÉRCIO	2006		27ago.2007 0:00:00	I	200675	216,613,607,200,203,205,207,208,209,210,212,217,218,223,230,232,237,239,240,241,243,244,600,602,604,606,609,614,615,616,617,618,619,620,621,622,623,624,625,626,627,628,630,637,642,643,644,645,647,648,245,246,649,257
104	CAGED	CADASTRO GERAL DE EMPREGADOS	2007	3	12set.2007 0:00:00	R	200625	215,606,607,200,201,202,204,206,207,208,209,210,211,214,216,217,223,229,231,243,244,600,601,603,605,608,611,613,614,616,618,619,620,621,622,623,624,625,626,636,647,648,245,246,649,247,248,249,250,251,252,650,651,652,653,654,655,257
105	DCC	GERÊNCIA DO CADASTRO CENTRAL DE EMPRESAS	2006		12set.2007 0:00:00	I	200675	216,613,200,201,203,205,207,208,209,210,212,217,218,219,220,221,222,223,230,232,237,239,240,241,243,244,600,602,604,606,607,609,614,615,616,617,618,619,620,621,622,623,624,625,626,627,628,629,630,637,642,643,644,645,647,648,245,246,649,257,657
106	PCAD	PESQUISA CADASTRO	2006		20dez.2006 0:00:00	I	200675	223,210,207,606,607,648,647,244,243,200,205,212,216,217,222,230,232,600,604,609,613,614,616,617,618,619,620,621,622,623,624,625,626,627,628,637,245,246,649,257
107	CAGED	CADASTRO GERAL DE EMPREGADOS	2007	9	31dez.2007 0:00:00	R	200625	215,606,607,200,201,202,204,206,207,208,209,210,211,214,216,217,223,229,231,243,244,600,601,603,605,608,611,613,614,616,618,619,620,621,622,623,624,625,626,636,647,648,245,246,649,247,248,249,250,251,252,650,651,652,653,654,655,257
108	DCC	GERÊNCIA DO CADASTRO CENTRAL DE EMPRESAS	1993		28abr.2008 0:00:00	I	199375	216,613,200,201,203,205,207,208,209,210,212,217,218,219,220,221,222,223,230,232,237,239,240,241,243,244,600,602,604,606,607,609,614,615,616,617,618,619,620,621,622,623,624,625,626,627,628,629,630,637,642,643,644,645,647,648,245,246,649,257,657
109	DCC	GERÊNCIA DO CADASTRO CENTRAL DE EMPRESAS	1994		28abr.2008 0:00:00	I	199475	216,613,200,201,203,205,207,208,209,210,212,217,218,219,220,221,222,223,230,232,237,239,240,241,243,244,600,602,604,606,607,609,614,615,616,617,618,619,620,621,622,623,624,625,626,627,628,629,630,637,642,643,644,645,647,648,245,246,649,257,657
110	DCC	GERÊNCIA DO CADASTRO CENTRAL DE EMPRESAS	1996		28abr.2008 0:00:00	I	199675	216,613,200,201,203,205,207,208,209,210,212,217,218,219,220,221,222,223,230,232,237,239,240,241,243,244,600,602,604,606,607,609,614,615,616,617,618,619,620,621,622,623,624,625,626,627,628,629,630,637,642,643,644,645,647,648,245,246,649,257,657
111	DCC	GERÊNCIA DO CADASTRO CENTRAL DE EMPRESAS	1997		28abr.2008 0:00:00	I	199775	216,613,200,201,203,205,207,208,209,210,212,217,218,219,220,221,222,223,230,232,237,239,240,241,243,244,600,602,604,606,607,609,614,615,616,617,618,619,620,621,622,623,624,625,626,627,628,629,630,637,642,643,644,645,647,648,245,246,649,257,657
112	DCC	GERÊNCIA DO CADASTRO CENTRAL DE EMPRESAS	1998		28abr.2008 0:00:00	I	199875	216,613,200,201,203,205,207,208,209,210,212,217,218,219,220,221,222,223,230,232,237,239,240,241,243,244,600,602,604,606,607,609,614,615,616,617,618,619,620,621,622,623,624,625,626,627,628,629,630,637,642,643,644,645,647,648,245,246,649,257,657
113	DCC	GERÊNCIA DO CADASTRO CENTRAL DE EMPRESAS	1999		28abr.2008 0:00:00	I	199975	216,613,200,201,203,205,207,208,209,210,212,217,218,219,220,221,222,223,230,232,237,239,240,241,243,244,600,602,604,606,607,609,614,615,616,617,618,619,620,621,622,623,624,625,626,627,628,629,630,637,642,643,644,645,647,648,245,246,649,257,657
114	DCC	GERÊNCIA DO CADASTRO CENTRAL DE EMPRESAS	2007		28abr.2008 0:00:00	I	200775	216,613,200,201,203,205,207,208,209,210,212,217,218,219,220,221,222,223,230,232,237,239,240,241,243,244,600,602,604,606,607,609,614,615,616,617,618,619,620,621,622,623,624,625,626,627,628,629,630,637,642,643,644,645,647,648,245,246,649,257,657
115	PCAD II	PESQUISA CADASTRO	2006		26jun.2008 10:45:24	I	200675	223,210,207,606,607,648,647,244,243,200,205,212,216,217,222,600,604,609,613,614,616,617,618,619,620,621,622,623,624,625,626,627,628,629,245,246,649,257
116	FGV	FUNDAÇÃO GETULIO VARGAS	2005		21jul.2008 11:30:52	E	0	223,217,216,210,207,606,614,613,607,648,647,244,243,200,239,240,245,246,649,257
117	CAGED	CADASTRO GERAL DE EMPREGADOS	2008	3	03out.2008 18:25:43	R	200725	215,606,607,200,201,202,204,206,207,208,209,210,211,214,216,217,223,229,231,243,244,600,601,603,605,608,611,613,614,616,618,619,620,621,622,623,624,625,626,636,647,648,245,246,649,247,248,249,250,251,252,650,651,652,653,654,655,257
118	RAIS	RELACAO ANUAL DE INFORMAÇÕES SOCIAIS	2007		20out.2008 11:44:38	R	200750	215,211,606,607,200,201,204,206,207,208,209,210,214,216,217,223,229,231,233,234,235,236,242,243,244,600,601,603,605,608,610,611,612,613,614,616,617,618,619,620,621,622,623,624,625,626,628,629,636,638,639,640,641,646,647,648,245,246,649,247,248,249,250,251,252,650,651,652,653,654,655,257,656,230,232,237
119	DCC	GERÊNCIA DO CADASTRO CENTRAL DE EMPRESAS	2008		05nov.2008 13:18:50	I	200875	216,613,200,201,203,205,207,208,209,210,212,217,218,219,220,221,222,223,230,232,237,239,240,241,243,244,600,602,604,606,607,609,614,615,616,617,618,619,620,621,622,623,624,625,626,627,628,629,630,637,642,643,644,645,647,648,245,246,649,257,657
120	FGV	FUNDAÇÃO GETULIO VARGAS	2006		21jul.2008 11:30:52	E	0	223,217,216,210,207,606,614,613,607,648,647,244,243,200,239,240,245,246,649,257
121	PIA	PESQUISA INDUSTRIAL ANUAL	2007		21nov.2008 0:00:00	I	200775	223,216,210,613,607,648,647,244,243,200,203,205,207,208,209,212,217,218,230,232,237,239,240,241,600,602,604,606,609,614,615,616,617,618,619,620,621,622,623,624,625,626,627,628,630,637,642,643,644,645,245,246,649,257
122	PAIC	PESQUISA ANUAL DA INDÚSTRIA DA CONSTRUÇÃO	2007		21nov.2008 0:00:00	I	200775	216,613,607,200,203,205,207,208,209,210,212,217,218,223,230,232,237,239,240,241,243,244,600,602,604,606,609,614,615,616,617,618,619,620,621,622,623,624,625,626,627,628,630,637,642,643,644,645,647,648,245,246,649,257
123	PAS	PESQUISA ANUAL DE SERVIÇOS	2007		21nov.2008 0:00:00	I	200775	216,613,607,200,203,205,207,208,209,210,212,217,218,223,230,232,237,239,240,241,243,244,600,602,604,606,609,614,615,616,617,618,619,620,621,622,623,624,625,626,627,628,630,637,642,643,644,645,647,648,245,246,649,257
124	PAC	PESQUISA ANUAL DE COMÉRCIO	2007		21nov.2008 0:00:00	I	200775	216,613,607,200,203,205,207,208,209,210,212,217,218,223,230,232,237,239,240,241,243,244,600,602,604,606,609,614,615,616,617,618,619,620,621,622,623,624,625,626,627,628,630,637,642,643,644,645,647,648,245,246,649,257
125	SIMCAD	SISTEMA DE MANUTENÇÃO CADASTRAL	2007		01dez.2008 0:00:00	I	200775	606,607,200,201,205,207,208,209,210,212,216,217,222,223,243,244,600,604,609,613,614,616,617,618,619,620,621,622,623,624,625,626,627,628,629,647,648,245,246,649,257
126	CAGED	CADASTRO GERAL DE EMPREGADOS	2008	9	10dez.2008 0:00:00	R	200725	215,606,607,200,201,202,204,206,207,208,209,210,211,214,216,217,223,229,231,243,244,600,601,603,605,608,611,613,614,616,618,619,620,621,622,623,624,625,626,636,647,648,245,246,649,247,248,249,250,251,252,650,651,652,653,654,655,257
127	RAIS	RELACAO ANUAL DE INFORMAÇÕES SOCIAIS	2008		18ago.2009 0:00:00	R	200850	215,211,606,607,200,201,204,206,207,208,209,210,214,216,217,223,229,231,233,234,235,236,242,243,244,600,601,603,605,608,610,611,612,613,614,616,617,618,619,620,621,622,623,624,625,626,628,629,636,638,639,640,641,646,647,648,245,246,649,247,248,249,250,251,252,650,651,652,653,654,655,257,656,230,232,237
128	PIA	PESQUISA INDUSTRIAL ANUAL	2008		23set.2009 0:00:00	I	200875	223,216,210,613,607,648,647,244,243,200,203,205,207,208,209,212,217,218,230,232,237,239,240,241,600,602,604,606,609,614,615,616,617,618,619,620,621,622,623,624,625,626,627,628,630,637,642,643,644,645,245,246,649,257
129	PAIC	PESQUISA ANUAL DA INDÚSTRIA DA CONSTRUÇÃO	2008		23set.2009 0:00:00	I	200875	216,613,607,200,203,205,207,208,209,210,212,217,218,223,230,232,237,239,240,241,243,244,600,602,604,606,609,614,615,616,617,618,619,620,621,622,623,624,625,626,627,628,630,637,642,643,644,645,647,648,245,246,649,257
130	PAS	PESQUISA ANUAL DE SERVIÇOS	2008		23set.2009 0:00:00	I	200875	216,613,607,200,203,205,207,208,209,210,212,217,218,223,230,232,237,239,240,241,243,244,600,602,604,606,609,614,615,616,617,618,619,620,621,622,623,624,625,626,627,628,630,637,642,643,644,645,647,648,245,246,649,257
131	PAC	PESQUISA ANUAL DE COMÉRCIO	2008		23set.2009 0:00:00	I	200875	216,613,607,200,203,205,207,208,209,210,212,217,218,223,230,232,237,239,240,241,243,244,600,602,604,606,609,614,615,616,617,618,619,620,621,622,623,624,625,626,627,628,630,637,642,643,644,645,647,648,245,246,649,257
132	CAGED	CADASTRO GERAL DE EMPREGADOS	2009	3	16nov.2009 0:00:00	R	200825	215,606,607,200,201,202,204,206,207,208,209,210,211,214,216,217,223,229,231,243,244,600,601,603,605,608,611,613,614,616,618,619,620,621,622,623,624,625,626,636,647,648,245,246,649,247,248,249,250,251,252,650,651,652,653,654,655,257
133	CAGED	CADASTRO GERAL DE EMPREGADOS	2009	9	16nov.2009 0:00:00	R	200825	215,606,607,200,201,202,204,206,207,208,209,210,211,214,216,217,223,229,231,243,244,600,601,603,605,608,611,613,614,616,618,619,620,621,622,623,624,625,626,636,647,648,245,246,649,247,248,249,250,251,252,650,651,652,653,654,655,257
134	SIMCAD	SISTEMA DE MANUTENÇÃO CADASTRAL	2008		16nov.2009 0:00:00	I	200875	606,607,200,201,205,207,208,209,210,212,216,217,222,223,243,244,600,604,609,613,614,616,617,618,619,620,621,622,623,624,625,626,627,628,629,647,648,245,246,649,257
135	RAIS	RELACAO ANUAL DE INFORMAÇÕES SOCIAIS	2009		12jul.2010 15:13:22	R	200950	215,211,606,607,200,201,204,206,207,208,209,210,214,216,217,223,229,231,233,234,235,236,242,243,244,600,601,603,605,608,610,611,612,613,614,616,617,618,619,620,621,622,623,624,625,626,628,629,636,638,639,640,641,646,647,648,245,246,649,247,248,249,250,251,252,650,651,652,653,654,655,257,656,230,232,237
136	DCC	GERÊNCIA DO CADASTRO CENTRAL DE EMPRESAS	2009		26jul.2010 0:00:00	I	200975	216,613,200,201,203,205,207,208,209,210,212,217,218,219,220,221,222,223,230,232,237,239,240,241,243,244,600,602,604,606,607,609,614,615,616,617,618,619,620,621,622,623,624,625,626,627,628,629,630,637,642,643,644,645,647,648,245,246,649,257,657
137	CAGED	CADASTRO GERAL DE EMPREGADOS	2010	3	10nov.2010 0:00:00	R	200925	215,606,607,200,201,202,204,206,207,208,209,210,211,214,216,217,223,229,231,243,244,600,601,603,605,608,611,613,614,616,618,619,620,621,622,623,624,625,626,636,647,648,245,246,649,247,248,249,250,251,252,650,651,652,653,654,655,257
138	CAGED	CADASTRO GERAL DE EMPREGADOS	2010	9	10nov.2010 0:00:00	R	200925	215,606,607,200,201,202,204,206,207,208,209,210,211,214,216,217,223,229,231,243,244,600,601,603,605,608,611,613,614,616,618,619,620,621,622,623,624,625,626,636,647,648,245,246,649,247,248,249,250,251,252,650,651,652,653,654,655,257
139	PIA	PESQUISA INDUSTRIAL ANUAL	2009		12nov.2010 0:00:00	I	200975	223,216,210,613,607,648,647,244,243,200,203,205,207,208,209,212,217,218,230,232,237,239,240,241,600,602,604,606,609,614,615,616,617,618,619,620,621,622,623,624,625,626,627,628,630,637,642,643,644,645,245,246,649,257
140	PAIC	PESQUISA ANUAL DA INDÚSTRIA DA CONSTRUÇÃO	2009		12nov.2010 0:00:00	I	200975	216,613,607,200,203,205,207,208,209,210,212,217,218,223,230,232,237,239,240,241,243,244,600,602,604,606,609,614,615,616,617,618,619,620,621,622,623,624,625,626,627,628,630,637,642,643,644,645,647,648,245,246,649,257
141	PAS	PESQUISA ANUAL DE SERVIÇOS	2009		12nov.2010 0:00:00	I	200975	216,613,607,200,203,205,207,208,209,210,212,217,218,223,230,232,237,239,240,241,243,244,600,602,604,606,609,614,615,616,617,618,619,620,621,622,623,624,625,626,627,628,630,637,642,643,644,645,647,648,245,246,649,257
142	PAC	PESQUISA ANUAL DE COMÉRCIO	2009		12nov.2010 0:00:00	I	200975	216,613,607,200,203,205,207,208,209,210,212,217,218,223,230,232,237,239,240,241,243,244,600,602,604,606,609,614,615,616,617,618,619,620,621,622,623,624,625,626,627,628,630,637,642,643,644,645,647,648,245,246,649,257
143	SIMCAD	SISTEMA DE MANUTENÇÃO CADASTRAL	2009		12nov.2010 0:00:00	I	200975	606,607,200,201,205,207,208,209,210,212,216,217,222,223,243,244,600,604,609,613,614,616,617,618,619,620,621,622,623,624,625,626,627,628,629,647,648,245,246,649,257
144	RAIS	RELACAO ANUAL DE INFORMAÇÕES SOCIAIS	2010		03ago.2011 16:44:49	R	201050	215,211,606,607,200,201,204,206,207,208,209,210,214,216,217,223,229,231,233,234,235,236,242,243,244,600,601,603,605,608,610,611,612,613,614,616,617,618,619,620,621,622,623,624,625,626,628,629,636,638,639,640,641,646,647,648,245,246,649,247,248,249,250,251,252,650,651,652,653,654,655,257,656,230,232,237
145	DCC	GERÊNCIA DO CADASTRO CENTRAL DE EMPRESAS	2010		05ago.2011 0:00:00	I	201075	216,613,200,201,203,205,207,208,209,210,212,217,218,219,220,221,222,223,230,232,237,239,240,241,243,244,600,602,604,606,607,609,614,615,616,617,618,619,620,621,622,623,624,625,626,627,628,629,630,637,642,643,644,645,647,648,245,246,649,257,657
146	CAGED	CADASTRO GERAL DE EMPREGADOS	2011	3	05ago.2011 18:37:44	R	201025	215,606,607,200,201,202,204,206,207,208,209,210,211,214,216,217,223,229,231,243,244,600,601,603,605,608,611,613,614,616,618,619,620,621,622,623,624,625,626,636,647,648,245,246,649,247,248,249,250,251,252,650,651,652,653,654,655,257
147	CAGED	CADASTRO GERAL DE EMPREGADOS	2011	9	05ago.2011 18:37:44	R	201025	215,606,607,200,201,202,204,206,207,208,209,210,211,214,216,217,223,229,231,243,244,600,601,603,605,608,611,613,614,616,618,619,620,621,622,623,624,625,626,636,647,648,245,246,649,247,248,249,250,251,252,650,651,652,653,654,655,257
148	PAIC	PESQUISA ANUAL DA INDÚSTRIA DA CONSTRUÇÃO	2010		28nov.2011 12:47:12	I	201075	216,613,607,200,203,205,207,208,209,210,212,217,218,223,230,232,237,239,240,241,243,244,600,602,604,606,609,614,615,616,617,618,619,620,621,622,623,624,625,626,627,628,630,637,642,643,644,645,647,648,245,246,649,257
149	PIA	PESQUISA INDUSTRIAL ANUAL	2010		28nov.2011 12:49:01	I	201075	223,216,210,613,607,648,647,244,243,200,203,205,207,208,209,212,217,218,230,232,237,239,240,241,600,602,604,606,609,614,615,616,617,618,619,620,621,622,623,624,625,626,627,628,630,637,642,643,644,645,245,246,649,257
150	PAS	PESQUISA ANUAL DE SERVIÇOS	2010		28nov.2011 12:49:28	I	201075	216,613,607,200,203,205,207,208,209,210,212,217,218,223,230,232,237,239,240,241,243,244,600,602,604,606,609,614,615,616,617,618,619,620,621,622,623,624,625,626,627,628,630,637,642,643,644,645,647,648,245,246,649,257
151	PAC	PESQUISA ANUAL DE COMÉRCIO	2010		28nov.2011 12:49:50	I	201075	216,613,607,200,203,205,207,208,209,210,212,217,218,223,230,232,237,239,240,241,243,244,600,602,604,606,609,614,615,616,617,618,619,620,621,622,623,624,625,626,627,628,630,637,642,643,644,645,647,648,245,246,649,257
152	SIMCAD	SISTEMA DE MANUTENÇÃO CADASTRAL	2010		23jan.2012 14:24:12	I	201075	606,607,200,201,205,207,208,209,210,212,216,217,222,223,243,244,600,604,609,613,614,616,617,618,619,620,621,622,623,624,625,626,627,628,629,647,648,245,246,649,257
153	RAIS	RELACAO ANUAL DE INFORMAÇÕES SOCIAIS	2011		02jul.2012 13:28:42	R	201150	215,211,606,607,200,201,204,206,207,208,209,210,214,216,217,223,229,231,233,234,235,236,242,243,244,600,601,603,605,608,610,611,612,613,614,616,617,618,619,620,621,622,623,624,625,626,628,629,636,638,639,640,641,646,647,648,245,246,649,247,248,249,250,251,252,650,651,652,653,654,655,257,656,230,232,237
154	RAT_IBGE	RELACAO ANUAL DE INFORMAÇÕES SOCIAIS(EMPREGADO)	2011		04jul.2012 17:21:26	S	201185	637,642,253,254,255,256,257,657,203,205,212,232,230,237,239,240,241,243,602,604,609,643,644,645,621,622,623,624,647,237,649
155	DCC	GERÊNCIA DO CADASTRO CENTRAL DE EMPRESAS	2011		06jul.2012 12:59:16	I	201180	216,613,200,201,203,205,207,208,209,210,212,217,218,219,220,221,222,223,230,232,237,239,240,241,243,244,600,602,604,606,607,609,614,615,616,617,618,619,620,621,622,623,624,625,626,627,628,629,630,637,642,643,644,645,647,648,245,246,649,257,657
156	CAGED	CADASTRO GERAL DE EMPREGADOS	2012	3	13dez.2012 10:33:23	R	201125	215,606,607,200,201,202,204,206,207,208,209,210,211,214,216,217,223,229,231,243,244,600,601,603,605,608,611,613,614,616,618,619,620,621,622,623,624,625,626,636,647,648,245,246,649,247,248,249,250,251,252,650,651,652,653,654,655,257
157	PAIC	PESQUISA ANUAL DA INDÚSTRIA DA CONSTRUÇÃO	2011		14dez.2012 9:20:39	I	201175	216,613,607,200,203,205,207,208,209,210,212,217,218,223,230,232,237,239,240,241,243,244,600,602,604,606,609,614,615,616,617,618,619,620,621,622,623,624,625,626,627,628,630,637,642,643,644,645,647,648,245,246,649,257
158	PIA	PESQUISA INDUSTRIAL ANUAL	2011		14dez.2012 9:21:48	I	201175	223,216,210,613,607,648,647,244,243,200,203,205,207,208,209,212,217,218,230,232,237,239,240,241,600,602,604,606,609,614,615,616,617,618,619,620,621,622,623,624,625,626,627,628,630,637,642,643,644,645,245,246,649,257
159	PAS	PESQUISA ANUAL DE SERVIÇOS	2011		14dez.2012 9:23:23	I	201175	216,613,607,200,203,205,207,208,209,210,212,217,218,223,230,232,237,239,240,241,243,244,600,602,604,606,609,614,615,616,617,618,619,620,621,622,623,624,625,626,627,628,630,637,642,643,644,645,647,648,245,246,649,257
160	PAC	PESQUISA ANUAL DE COMÉRCIO	2011		14dez.2012 9:23:52	I	201175	216,613,607,200,203,205,207,208,209,210,212,217,218,223,230,232,237,239,240,241,243,244,600,602,604,606,609,614,615,616,617,618,619,620,621,622,623,624,625,626,627,628,630,637,642,643,644,645,647,648,245,246,649,257
161	CAGED	CADASTRO GERAL DE EMPREGADOS	2012	9	14fev.2013 9:43:26	R	201125	215,606,607,200,201,202,204,206,207,208,209,210,211,214,216,217,223,229,231,243,244,600,601,603,605,608,611,613,614,616,618,619,620,621,622,623,624,625,626,636,647,648,245,246,649,247,248,249,250,251,252,650,651,652,653,654,655,257
162	SIMCAD	SISTEMA DE MANUTENÇÃO CADASTRAL	2011		05abr.2013 8:57:52	I	201175	606,607,200,201,205,207,208,209,210,212,216,217,222,223,243,244,600,604,609,613,614,616,617,618,619,620,621,622,623,624,625,626,627,628,629,647,648,245,246,649,257
163	RAIS	RELACAO ANUAL DE INFORMAÇÕES SOCIAIS	2012		19jul.2013 8:44:30	R	201250	215,211,606,607,200,201,204,206,207,208,209,210,214,216,217,223,229,231,233,234,235,236,242,243,244,600,601,603,605,608,610,611,612,613,614,616,617,618,619,620,621,622,623,624,625,626,628,629,636,638,639,640,641,646,647,648,245,246,649,247,248,249,250,251,252,650,651,652,653,654,655,257,656,230,232,237
164	DCC	GERÊNCIA DO CADASTRO CENTRAL DE EMPRESAS	2012		19jul.2013 11:53:41	I	201280	216,613,200,201,203,205,207,208,209,210,212,217,218,219,220,221,222,223,230,232,237,239,240,241,243,244,600,602,604,606,607,609,614,615,616,617,618,619,620,621,622,623,624,625,626,627,628,629,630,637,642,643,644,645,647,648,245,246,649,257,657
165	CAGED	CADASTRO GERAL DE EMPREGADOS	2013	3	19jul.2013 11:56:10	R	201225	215,606,607,200,201,202,204,206,207,208,209,210,211,214,216,217,223,229,231,243,244,600,601,603,605,608,611,613,614,616,618,619,620,621,622,623,624,625,626,636,647,648,245,246,649,247,248,249,250,251,252,650,651,652,653,654,655,257
166	CAGED	CADASTRO GERAL DE EMPREGADOS	2013	9	19jul.2013 11:56:10	R	201225	215,606,607,200,201,202,204,206,207,208,209,210,211,214,216,217,223,229,231,243,244,600,601,603,605,608,611,613,614,616,618,619,620,621,622,623,624,625,626,636,647,648,245,246,649,247,248,249,250,251,252,650,651,652,653,654,655,257
167	PAIC	PESQUISA ANUAL DA INDÚSTRIA DA CONSTRUÇÃO	2012		19jul.2013 11:57:15	I	201275	216,613,607,200,203,205,207,208,209,210,212,217,218,223,230,232,237,239,240,241,243,244,600,602,604,606,609,614,615,616,617,618,619,620,621,622,623,624,625,626,627,628,630,637,642,643,644,645,647,648,245,246,649,257
168	PIA	PESQUISA INDUSTRIAL ANUAL	2012		19jul.2013 11:57:15	I	201275	223,216,210,613,607,648,647,244,243,200,203,205,207,208,209,212,217,218,230,232,237,239,240,241,600,602,604,606,609,614,615,616,617,618,619,620,621,622,623,624,625,626,627,628,630,637,642,643,644,645,245,246,649,257
169	PAS	PESQUISA ANUAL DE SERVIÇOS	2012		19jul.2013 11:57:15	I	201275	216,613,607,200,203,205,207,208,209,210,212,217,218,223,230,232,237,239,240,241,243,244,600,602,604,606,609,614,615,616,617,618,619,620,621,622,623,624,625,626,627,628,630,637,642,643,644,645,647,648,245,246,649,257
170	PAC	PESQUISA ANUAL DE COMÉRCIO	2012		19jul.2013 11:57:15	I	201275	216,613,607,200,203,205,207,208,209,210,212,217,218,223,230,232,237,239,240,241,243,244,600,602,604,606,609,614,615,616,617,618,619,620,621,622,623,624,625,626,627,628,630,637,642,643,644,645,647,648,245,246,649,257
171	RAT_IBGE	RELACAO ANUAL DE INFORMAÇÕES SOCIAIS(EMPREGADO)	2012		23jul.2013 18:59:57	S	201285	637,642,253,254,255,256,257,657,203,205,212,232,230,237,239,240,241,243,602,604,609,643,644,645,621,622,623,624,647,237,649
172	SIMCAD	SISTEMA DE MANUTENÇÃO CADASTRAL	2012		23jul.2013 19:01:40	I	201275	606,607,200,201,205,207,208,209,210,212,216,217,222,223,243,244,600,604,609,613,614,616,617,618,619,620,621,622,623,624,625,626,627,628,629,647,648,245,246,649,257
173	RAIS	RELACAO ANUAL DE INFORMAÇÕES SOCIAIS	2013		22ago.2014 10:56:10	R	201350	215,211,606,607,200,201,204,206,207,208,209,210,214,216,217,223,229,231,233,234,235,236,242,243,244,600,601,603,605,608,610,611,612,613,614,616,617,618,619,620,621,622,623,624,625,626,628,629,636,638,639,640,641,646,647,648,245,246,649,247,248,249,250,251,252,650,651,652,653,654,655,257,656,230,232,237
174	DCC	GERÊNCIA DO CADASTRO CENTRAL DE EMPRESAS	2013		28ago.2014 9:10:52	I	201380	216,613,200,201,203,205,207,208,209,210,212,217,218,219,220,221,222,223,230,232,237,239,240,241,243,244,600,602,604,606,607,609,614,615,616,617,618,619,620,621,622,623,624,625,626,627,628,629,630,637,642,643,644,645,647,648,245,246,649,257,657
175	RAT_IBGE	RELACAO ANUAL DE INFORMAÇÕES SOCIAIS(EMPREGADO)	2013		29ago.2014 11:56:30	S	201385	637,642,253,254,255,256,257,657,203,205,212,232,230,237,239,240,241,243,602,604,609,643,644,645,621,622,623,624,647,237,649
176	SIMCAD	SISTEMA DE MANUTENÇÃO CADASTRAL	2013		29ago.2014 11:56:36	I	201375	606,607,200,201,205,207,208,209,210,212,216,217,222,223,243,244,600,604,609,613,614,616,617,618,619,620,621,622,623,624,625,626,627,628,629,647,648,245,246,649,257
177	PAC	PESQUISA ANUAL DE COMÉRCIO	2013		29ago.2014 11:57:07	I	201375	216,613,607,200,203,205,207,208,209,210,212,217,218,223,230,232,237,239,240,241,243,244,600,602,604,606,609,614,615,616,617,618,619,620,621,622,623,624,625,626,627,628,630,637,642,643,644,645,647,648,245,246,649,257
178	PAS	PESQUISA ANUAL DE SERVIÇOS	2013		29ago.2014 11:57:11	I	201375	216,613,607,200,203,205,207,208,209,210,212,217,218,223,230,232,237,239,240,241,243,244,600,602,604,606,609,614,615,616,617,618,619,620,621,622,623,624,625,626,627,628,630,637,642,643,644,645,647,648,245,246,649,257
179	PIA	PESQUISA INDUSTRIAL ANUAL	2013		29ago.2014 11:57:26	I	201375	223,216,210,613,607,648,647,244,243,200,203,205,207,208,209,212,217,218,230,232,237,239,240,241,600,602,604,606,609,614,615,616,617,618,619,620,621,622,623,624,625,626,627,628,630,637,642,643,644,645,245,246,649,257
180	PAIC	PESQUISA ANUAL DA INDÚSTRIA DA CONSTRUÇÃO	2013		29ago.2014 11:57:30	I	201375	216,613,607,200,203,205,207,208,209,210,212,217,218,223,230,232,237,239,240,241,243,244,600,602,604,606,609,614,615,616,617,618,619,620,621,622,623,624,625,626,627,628,630,637,642,643,644,645,647,648,245,246,649,257
181	CAGED	CADASTRO GERAL DE EMPREGADOS	2014	3	25nov.2014 10:08:36	R	201325	215,606,607,200,201,202,204,206,207,208,209,210,211,214,216,217,223,229,231,243,244,600,601,603,605,608,611,613,614,616,618,619,620,621,622,623,624,625,626,636,647,648,245,246,649,247,248,249,250,251,252,650,651,652,653,654,655,257
182	CAGED	CADASTRO GERAL DE EMPREGADOS	2014	9	25nov.2014 10:08:36	R	201325	215,606,607,200,201,202,204,206,207,208,209,210,211,214,216,217,223,229,231,243,244,600,601,603,605,608,611,613,614,616,618,619,620,621,622,623,624,625,626,636,647,648,245,246,649,247,248,249,250,251,252,650,651,652,653,654,655,257
183	RAIS	RELACAO ANUAL DE INFORMAÇÕES SOCIAIS	2014		21ago.2015 9:53:12	R	201450	215,211,606,607,200,201,204,206,207,208,209,210,214,216,217,223,229,231,233,234,235,236,242,243,244,600,601,603,605,608,610,611,612,613,614,616,617,618,619,620,621,622,623,624,625,626,628,629,636,638,639,640,641,646,647,648,245,246,649,247,248,249,250,251,252,650,651,652,653,654,655,257,656,230,232,237
184	DCC	GERÊNCIA DO CADASTRO CENTRAL DE EMPRESAS	2014		24ago.2015 10:35:16	I	201480	216,613,200,201,203,205,207,208,209,210,212,217,218,219,220,221,222,223,230,232,237,239,240,241,243,244,600,602,604,606,607,609,614,615,616,617,618,619,620,621,622,623,624,625,626,627,628,629,630,637,642,643,644,645,647,648,245,246,649,257,657
185	RAT_IBGE	RELACAO ANUAL DE INFORMAÇÕES SOCIAIS(EMPREGADO)	2014		24ago.2015 11:41:13	S	201485	637,642,253,254,255,256,257,657,203,205,212,232,230,237,239,240,241,243,602,604,609,643,644,645,621,622,623,624,647,237,649
186	PIA	PESQUISA INDUSTRIAL ANUAL	2014		17set.2015 9:24:27	I	201475	223,216,210,613,607,648,647,244,243,200,203,205,207,208,209,212,217,218,230,232,237,239,240,241,600,602,604,606,609,614,615,616,617,618,619,620,621,622,623,624,625,626,627,628,630,637,642,643,644,645,245,246,649,257
187	PAS	PESQUISA ANUAL DE SERVIÇOS	2014		17set.2015 9:24:31	I	201475	216,613,607,200,203,205,207,208,209,210,212,217,218,223,230,232,237,239,240,241,243,244,600,602,604,606,609,614,615,616,617,618,619,620,621,622,623,624,625,626,627,628,630,637,642,643,644,645,647,648,245,246,649,257
188	PAC	PESQUISA ANUAL DE COMÉRCIO	2014		17set.2015 9:24:35	I	201475	216,613,607,200,203,205,207,208,209,210,212,217,218,223,230,232,237,239,240,241,243,244,600,602,604,606,609,614,615,616,617,618,619,620,621,622,623,624,625,626,627,628,630,637,642,643,644,645,647,648,245,246,649,257
189	PAIC	PESQUISA ANUAL DA INDÚSTRIA DA CONSTRUÇÃO	2014		17set.2015 9:24:39	I	201475	216,613,607,200,203,205,207,208,209,210,212,217,218,223,230,232,237,239,240,241,243,244,600,602,604,606,609,614,615,616,617,618,619,620,621,622,623,624,625,626,627,628,630,637,642,643,644,645,647,648,245,246,649,257
190	SIMCAD	SISTEMA DE MANUTENÇÃO CADASTRAL	2014		19out.2015 14:47:45	I	201475	606,607,200,201,205,207,208,209,210,212,216,217,222,223,243,244,600,604,609,613,614,616,617,618,619,620,621,622,623,624,625,626,627,628,629,647,648,245,246,649,257
191	CAGED	CADASTRO GERAL DE EMPREGADOS	2015	3	09nov.2015 12:03:22	R	201425	215,606,607,200,201,202,204,206,207,208,209,210,211,214,216,217,223,229,231,243,244,600,601,603,605,608,611,613,614,616,618,619,620,621,622,623,624,625,626,636,647,648,245,246,649,247,248,249,250,251,252,650,651,652,653,654,655,257
192	CAGED	CADASTRO GERAL DE EMPREGADOS	2015	9	09nov.2015 12:03:22	R	201425	215,606,607,200,201,202,204,206,207,208,209,210,211,214,216,217,223,229,231,243,244,600,601,603,605,608,611,613,614,616,618,619,620,621,622,623,624,625,626,636,647,648,245,246,649,247,248,249,250,251,252,650,651,652,653,654,655,257
193	RAIS	RELACAO ANUAL DE INFORMAÇÕES SOCIAIS	2015		26jul.2016 10:39:44	R	201550	215,211,606,607,200,201,204,206,207,208,209,210,214,216,217,223,229,231,233,234,235,236,242,243,244,600,601,603,605,608,610,611,612,613,614,616,617,618,619,620,621,622,623,624,625,626,628,629,636,638,639,640,641,646,647,648,245,246,649,247,248,249,250,251,252,650,651,652,653,654,655,257,656,230,232,237
194	RAT_IBGE	RELACAO ANUAL DE INFORMAÇÕES SOCIAIS(EMPREGADO)	2015		28jul.2016 11:21:44	S	201585	637,642,253,254,255,256,257,657,203,205,212,232,230,237,239,240,241,243,602,604,609,643,644,645,621,622,623,624,647,237,649
195	DCC	GERÊNCIA DO CADASTRO CENTRAL DE EMPRESAS	2015		29jul.2016 11:12:07	I	201580	216,613,200,201,203,205,207,208,209,210,212,217,218,219,220,221,222,223,230,232,237,239,240,241,243,244,600,602,604,606,607,609,614,615,616,617,618,619,620,621,622,623,624,625,626,627,628,629,630,637,642,643,644,645,647,648,245,246,649,257,657
196	PIA	PESQUISA INDUSTRIAL ANUAL	2015		29jul.2016 11:12:22	I	201575	223,216,210,613,607,648,647,244,243,200,203,205,207,208,209,212,217,218,230,232,237,239,240,241,600,602,604,606,609,614,615,616,617,618,619,620,621,622,623,624,625,626,627,628,630,637,642,643,644,645,245,246,649,257
197	PAS	PESQUISA ANUAL DE SERVIÇOS	2015		29jul.2016 11:12:29	I	201575	216,613,607,200,203,205,207,208,209,210,212,217,218,223,230,232,237,239,240,241,243,244,600,602,604,606,609,614,615,616,617,618,619,620,621,622,623,624,625,626,627,628,630,637,642,643,644,645,647,648,245,246,649,257
198	PAIC	PESQUISA ANUAL DA INDÚSTRIA DA CONSTRUÇÃO	2015		29jul.2016 11:12:46	I	201575	216,613,607,200,203,205,207,208,209,210,212,217,218,223,230,232,237,239,240,241,243,244,600,602,604,606,609,614,615,616,617,618,619,620,621,622,623,624,625,626,627,628,630,637,642,643,644,645,647,648,245,246,649,257
199	PAC	PESQUISA ANUAL DE COMÉRCIO	2015		03ago.2016 12:28:02	I	201575	216,613,607,200,203,205,207,208,209,210,212,217,218,223,230,232,237,239,240,241,243,244,600,602,604,606,609,614,615,616,617,618,619,620,621,622,623,624,625,626,627,628,630,637,642,643,644,645,647,648,245,246,649,257
200	SIMCAD	SISTEMA DE MANUTENÇÃO CADASTRAL	2015		03nov.2016 13:53:22	I	201575	606,607,200,201,205,207,208,209,210,212,216,217,222,223,243,244,600,604,609,613,614,616,617,618,619,620,621,622,623,624,625,626,627,628,629,647,648,245,246,649,257
201	CAGED	CADASTRO GERAL DE EMPREGADOS	2016	3	29nov.2016 11:32:31	R	201525	215,606,607,200,201,202,204,206,207,208,209,210,211,214,216,217,223,229,231,243,244,600,601,603,605,608,611,613,614,616,618,619,620,621,622,623,624,625,626,636,647,648,245,246,649,247,248,249,250,251,252,650,651,652,653,654,655,257
202	CAGED	CADASTRO GERAL DE EMPREGADOS	2016	9	29nov.2016 11:32:31	R	201525	215,606,607,200,201,202,204,206,207,208,209,210,211,214,216,217,223,229,231,243,244,600,601,603,605,608,611,613,614,616,618,619,620,621,622,623,624,625,626,636,647,648,245,246,649,247,248,249,250,251,252,650,651,652,653,654,655,257
203	RAIS	RELACAO ANUAL DE INFORMAÇÕES SOCIAIS	2016		08set.2017 11:56:32	R	201650	215,211,606,607,200,201,204,206,207,208,209,210,214,216,217,223,229,231,233,234,235,236,242,243,244,600,601,603,605,608,610,611,612,613,614,616,617,618,619,620,621,622,623,624,625,626,628,629,636,638,639,640,641,646,647,648,245,246,649,247,248,249,250,251,252,650,651,652,653,654,655,257,656,230,232,237
204	DCC	GERÊNCIA DO CADASTRO CENTRAL DE EMPRESAS	2016		08set.2017 11:56:32	I	201680	216,613,200,201,203,205,207,208,209,210,212,217,218,219,220,221,222,223,230,232,237,239,240,241,243,244,600,602,604,606,607,609,614,615,616,617,618,619,620,621,622,623,624,625,626,627,628,629,630,637,642,643,644,645,647,648,245,246,649,257,657,658
205	PIA	PESQUISA INDUSTRIAL ANUAL	2016		08set.2017 11:56:32	I	201675	223,216,210,613,607,648,647,244,243,200,203,205,207,208,209,212,217,218,230,232,237,239,240,241,600,602,604,606,609,614,615,616,617,618,619,620,621,622,623,624,625,626,627,628,630,637,642,643,644,645,245,246,649,257
206	PAS	PESQUISA ANUAL DE SERVIÇOS	2016		08set.2017 11:56:32	I	201675	216,613,607,200,203,205,207,208,209,210,212,217,218,223,230,232,237,239,240,241,243,244,600,602,604,606,609,614,615,616,617,618,619,620,621,622,623,624,625,626,627,628,630,637,642,643,644,645,647,648,245,246,649,257
207	PAC	PESQUISA ANUAL DE COMÉRCIO	2016		08set.2017 11:56:32	I	201675	216,613,607,200,203,205,207,208,209,210,212,217,218,223,230,232,237,239,240,241,243,244,600,602,604,606,609,614,615,616,617,618,619,620,621,622,623,624,625,626,627,628,630,637,642,643,644,645,647,648,245,246,649,257
208	PAIC	PESQUISA ANUAL DA INDÚSTRIA DA CONSTRUÇÃO	2016		08set.2017 11:56:32	I	201675	216,613,607,200,203,205,207,208,209,210,212,217,218,223,230,232,237,239,240,241,243,244,600,602,604,606,609,614,615,616,617,618,619,620,621,622,623,624,625,626,627,628,630,637,642,643,644,645,647,648,245,246,649,257
209	SIMCAD	SISTEMA DE MANUTENÇÃO CADASTRAL	2016		08set.2017 11:56:32	I	201675	606,607,200,201,205,207,208,209,210,212,216,217,222,223,243,244,600,604,609,613,614,616,617,618,619,620,621,622,623,624,625,626,627,628,629,647,648,245,246,649,257,658
210	RAT_IBGE	RELACAO ANUAL DE INFORMAÇÕES SOCIAIS(EMPREGADO)	2016		14set.2017 10:46:51	S	201685	637,642,253,254,255,256,257,657,203,205,212,232,230,237,239,240,241,243,602,604,609,643,644,645,621,622,623,624,647,237,649
211	CAGED	CADASTRO GERAL DE EMPREGADOS	2017	3	08dez.2017 15:48:40	R	201625	215,606,607,200,201,202,204,206,207,208,209,210,211,214,216,217,223,229,231,243,244,600,601,603,605,608,611,613,614,616,618,619,620,621,622,623,624,625,626,636,647,648,245,246,649,247,248,249,250,251,252,650,651,652,653,654,655,257
212	CAGED	CADASTRO GERAL DE EMPREGADOS	2017	9	08dez.2017 15:48:40	R	201625	215,606,607,200,201,202,204,206,207,208,209,210,211,214,216,217,223,229,231,243,244,600,601,603,605,608,611,613,614,616,618,619,620,621,622,623,624,625,626,636,647,648,245,246,649,247,248,249,250,251,252,650,651,652,653,654,655,257
213	RAIS	RELACAO ANUAL DE INFORMAÇÕES SOCIAIS	2017		27jun.2018 10:04:27	R	201750	215,211,606,607,200,201,204,206,207,208,209,210,214,216,217,223,229,231,233,234,235,236,242,243,244,600,601,603,605,608,610,611,612,613,614,616,617,618,619,620,621,622,623,624,625,626,628,629,636,638,639,640,641,646,647,648,245,246,649,247,248,249,250,251,252,650,651,652,653,654,655,257,656,230,232,237
214	FASFIL_INI	PESQUISA FASFIL	2016		24set.2018 16:25:25	I	201675	658
215	RAT_IBGE	RELACAO ANUAL DE INFORMAÇÕES SOCIAIS(EMPREGADO)	2017		03out.2018 8:45:27	S	201785	637,642,253,254,255,256,257,657,203,205,212,232,230,237,239,240,241,243,602,604,609,643,644,645,621,622,623,624,647,237,649
216	PAC	PESQUISA ANUAL DE COMÉRCIO	2017		03out.2018 8:45:50	I	201775	216,613,607,200,203,205,207,208,209,210,212,217,218,223,230,232,237,239,240,241,243,244,600,602,604,606,609,614,615,616,617,618,619,620,621,622,623,624,625,626,627,628,630,637,642,643,644,645,647,648,245,246,649,257
217	PAS	PESQUISA ANUAL DE SERVIÇOS	2017		03out.2018 8:46:02	I	201775	216,613,607,200,203,205,207,208,209,210,212,217,218,223,230,232,237,239,240,241,243,244,600,602,604,606,609,614,615,616,617,618,619,620,621,622,623,624,625,626,627,628,630,637,642,643,644,645,647,648,245,246,649,257
218	PIA	PESQUISA INDUSTRIAL ANUAL	2017		03out.2018 8:46:28	I	201775	223,216,210,613,607,648,647,244,243,200,203,205,207,208,209,212,217,218,230,232,237,239,240,241,600,602,604,606,609,614,615,616,617,618,619,620,621,622,623,624,625,626,627,628,630,637,642,643,644,645,245,246,649,257
219	PAIC	PESQUISA ANUAL DA INDÚSTRIA DA CONSTRUÇÃO	2017		03out.2018 8:46:35	I	201775	216,613,607,200,203,205,207,208,209,210,212,217,218,223,230,232,237,239,240,241,243,244,600,602,604,606,609,614,615,616,617,618,619,620,621,622,623,624,625,626,627,628,630,637,642,643,644,645,647,648,245,246,649,257
220	DCC	GERÊNCIA DO CADASTRO CENTRAL DE EMPRESAS	2017		03out.2018 8:46:43	I	201780	216,613,200,201,203,205,207,208,209,210,212,217,218,219,220,221,222,223,230,232,237,239,240,241,243,244,600,602,604,606,607,609,614,615,616,617,618,619,620,621,622,623,624,625,626,627,628,629,630,637,642,643,644,645,647,648,245,246,649,257,657,658
221	SIMCAD	SISTEMA DE MANUTENÇÃO CADASTRAL	2017		16nov.2018 8:21:27	I	201775	606,607,200,201,205,207,208,209,210,212,216,217,222,223,243,244,600,604,609,613,614,616,617,618,619,620,621,622,623,624,625,626,627,628,629,647,648,245,246,649,257,658
222	CAGED	CADASTRO GERAL DE EMPREGADOS	2018	3	30jan.2019 11:22:07	R	201725	215,606,607,200,201,202,204,206,207,208,209,210,211,214,216,217,223,229,231,243,244,600,601,603,605,608,611,613,614,616,618,619,620,621,622,623,624,625,626,636,647,648,245,246,649,247,248,249,250,251,252,650,651,652,653,654,655,257,617
223	CAGED	CADASTRO GERAL DE EMPREGADOS	2018	9	13fev.2019 12:44:24	R	201725	215,606,607,200,201,202,204,206,207,208,209,210,211,214,216,217,223,229,231,243,244,600,601,603,605,608,611,613,614,616,618,619,620,621,622,623,624,625,626,636,647,648,245,246,649,247,248,249,250,251,252,650,651,652,653,654,655,257
224	RAIS	RELACAO ANUAL DE INFORMAÇÕES SOCIAIS	2018		03out.2019 15:57:42	R	201850	215,211,606,607,200,201,204,206,207,208,209,210,214,216,217,223,229,231,233,234,235,236,242,243,244,600,601,603,605,608,610,611,612,613,614,616,617,618,619,620,621,622,623,624,625,626,628,629,636,638,639,640,641,646,647,648,245,246,649,247,248,249,250,251,252,650,651,652,653,654,655,257,656,230,232,237
225	RAT_IBGE	RELACAO ANUAL DE INFORMAÇÕES SOCIAIS(EMPREGADO)	2018		03out.2019 15:57:53	S	201885	637,642,253,254,255,256,257,657,203,205,212,232,230,237,239,240,241,243,602,604,609,643,644,645,621,622,623,624,647,237,649
226	PAC	PESQUISA ANUAL DE COMÉRCIO	2018		03out.2019 15:58:08	I	201875	216,613,607,200,203,205,207,208,209,210,212,217,218,223,230,232,237,239,240,241,243,244,600,602,604,606,609,614,615,616,617,618,619,620,621,622,623,624,625,626,627,628,630,637,642,643,644,645,647,648,245,246,649,257
227	PAS	PESQUISA ANUAL DE SERVIÇOS	2018		03out.2019 15:58:14	I	201875	216,613,607,200,203,205,207,208,209,210,212,217,218,223,230,232,237,239,240,241,243,244,600,602,604,606,609,614,615,616,617,618,619,620,621,622,623,624,625,626,627,628,630,637,642,643,644,645,647,648,245,246,649,257
228	PIA	PESQUISA INDUSTRIAL ANUAL	2018		03out.2019 15:58:16	I	201875	223,216,210,613,607,648,647,244,243,200,203,205,207,208,209,212,217,218,230,232,237,239,240,241,600,602,604,606,609,614,615,616,617,618,619,620,621,622,623,624,625,626,627,628,630,637,642,643,644,645,245,246,649,257
229	PAIC	PESQUISA ANUAL DA INDÚSTRIA DA CONSTRUÇÃO	2018		03out.2019 15:58:19	I	201875	216,613,607,200,203,205,207,208,209,210,212,217,218,223,230,232,237,239,240,241,243,244,600,602,604,606,609,614,615,616,617,618,619,620,621,622,623,624,625,626,627,628,630,637,642,643,644,645,647,648,245,246,649,257
230	SIMCAD	SISTEMA DE MANUTENÇÃO CADASTRAL	2018		03out.2019 15:58:33	I	201875	606,607,200,201,205,207,208,209,210,212,216,217,222,223,243,244,600,604,609,613,614,616,617,618,619,620,621,622,623,624,625,626,627,628,629,647,648,245,246,649,257,658
231	DCC	GERÊNCIA DO CADASTRO CENTRAL DE EMPRESAS	2018		03out.2019 15:58:35	I	201880	216,613,200,201,203,205,207,208,209,210,212,217,218,219,220,221,222,223,230,232,237,239,240,241,243,244,600,602,604,606,607,609,614,615,616,617,618,619,620,621,622,623,624,625,626,627,628,629,630,637,642,643,644,645,647,648,245,246,649,257,657,658
232	CAGED	CADASTRO GERAL DE EMPREGADOS	2019	3	29jan.2020 17:42:53	R	201825	215,606,607,200,201,202,204,206,207,208,209,210,211,214,216,217,223,229,231,243,244,600,601,603,605,608,611,613,614,616,618,619,620,621,622,623,624,625,626,636,647,648,245,246,649,247,248,249,250,251,252,650,651,652,653,654,655,257,617
233	RAIS	RELACAO ANUAL DE INFORMAÇÕES SOCIAIS	2019		14out.2020 13:47:00	R	201950	215,211,606,607,200,201,204,206,207,208,209,210,214,216,217,223,229,231,233,234,235,236,242,243,244,600,601,603,605,608,610,611,612,613,614,616,617,618,619,620,621,622,623,624,625,626,628,629,636,638,639,640,641,646,647,648,245,246,649,247,248,249,250,251,252,650,651,652,653,654,655,257,656,230,232,237
234	RAT_IBGE	RELACAO ANUAL DE INFORMAÇÕES SOCIAIS(EMPREGADO)	2019		14out.2020 13:47:30	S	201985	637,642,253,254,255,256,257,657,203,205,212,232,230,237,239,240,241,243,602,604,609,643,644,645,621,622,623,624,647,237,649
235	PAC	PESQUISA ANUAL DE COMÉRCIO	2019		14out.2020 13:47:41	I	201975	216,613,607,200,203,205,207,208,209,210,212,217,218,223,230,232,237,239,240,241,243,244,600,602,604,606,609,614,615,616,617,618,619,620,621,622,623,624,625,626,627,628,630,637,642,643,644,645,647,648,245,246,649,257
236	PAS	PESQUISA ANUAL DE SERVIÇOS	2019		14out.2020 13:47:51	I	201975	216,613,607,200,203,205,207,208,209,210,212,217,218,223,230,232,237,239,240,241,243,244,600,602,604,606,609,614,615,616,617,618,619,620,621,622,623,624,625,626,627,628,630,637,642,643,644,645,647,648,245,246,649,257
237	PIA	PESQUISA INDUSTRIAL ANUAL	2019		14out.2020 13:48:01	I	201975	223,216,210,613,607,648,647,244,243,200,203,205,207,208,209,212,217,218,230,232,237,239,240,241,600,602,604,606,609,614,615,616,617,618,619,620,621,622,623,624,625,626,627,628,630,637,642,643,644,645,245,246,649,257
238	PAIC	PESQUISA ANUAL DA INDÚSTRIA DA CONSTRUÇÃO	2019		14out.2020 13:48:10	I	201975	216,613,607,200,203,205,207,208,209,210,212,217,218,223,230,232,237,239,240,241,243,244,600,602,604,606,609,614,615,616,617,618,619,620,621,622,623,624,625,626,627,628,630,637,642,643,644,645,647,648,245,246,649,257
239	SIMCAD	SISTEMA DE MANUTENÇÃO CADASTRAL	2019		14out.2020 13:48:19	I	201975	606,607,200,201,205,207,208,209,210,212,216,217,222,223,243,244,600,604,609,613,614,616,617,618,619,620,621,622,623,624,625,626,627,628,629,647,648,245,246,649,257,658
240	DCC	GERÊNCIA DO CADASTRO CENTRAL DE EMPRESAS	2019		14out.2020 13:48:29	I	201980	216,613,200,201,203,205,207,208,209,210,212,217,218,219,220,221,222,223,230,232,237,239,240,241,243,244,600,602,604,606,607,609,614,615,616,617,618,619,620,621,622,623,624,625,626,627,628,629,630,637,642,643,644,645,647,648,245,246,649,257,657,658
241	FASFIL_INI	PESQUISA FASFIL	2019		06out.2020 8:11:44	I	201975	658
242	CAGED	CADASTRO GERAL DE EMPREGADOS	2020	3	08fev.2021 13:50:53	R	201925	215,606,607,200,201,202,204,206,207,208,209,210,211,214,216,217,223,229,231,243,244,600,601,603,605,608,611,613,614,616,618,619,620,621,622,623,624,625,626,636,647,648,245,246,649,247,248,249,250,251,252,650,651,652,653,654,655,257,617
243	CAGED	CADASTRO GERAL DE EMPREGADOS	2020	9	30abr.2021 15:51:14	R	201925	215,606,607,200,201,202,204,206,207,208,209,210,211,214,216,217,223,229,231,243,244,600,601,603,605,608,611,613,614,616,618,619,620,621,622,623,624,625,626,636,647,648,245,246,649,247,248,249,250,251,252,650,651,652,653,654,655,257,617
244	RAIS	RELACAO ANUAL DE INFORMAÇÕES SOCIAIS	2020		30ago.2021 21:43:13	R	202050	215,211,606,607,200,201,204,206,207,208,209,210,214,216,217,223,229,231,233,234,235,236,242,243,244,600,601,603,605,608,610,611,612,613,614,616,617,618,619,620,621,622,623,624,625,626,628,629,636,638,639,640,641,646,647,648,245,246,649,247,248,249,250,251,252,650,651,652,653,654,655,257,656,230,232,237
245	RAT_IBGE	RELACAO ANUAL DE INFORMAÇÕES SOCIAIS(EMPREGADO)	2020		30ago.2021 21:43:22	S	202085	637,642,253,254,255,256,257,657,203,205,212,232,230,237,239,240,241,243,602,604,609,643,644,645,621,622,623,624,647,237,649
246	PAC	PESQUISA ANUAL DE COMÉRCIO	2020		30ago.2021 21:43:31	I	202075	216,613,607,200,203,205,207,208,209,210,212,217,218,223,230,232,237,239,240,241,243,244,600,602,604,606,609,614,615,616,617,618,619,620,621,622,623,624,625,626,627,628,630,637,642,643,644,645,647,648,245,246,649,257
247	PAS	PESQUISA ANUAL DE SERVIÇOS	2020		30ago.2021 21:43:40	I	202075	216,613,607,200,203,205,207,208,209,210,212,217,218,223,230,232,237,239,240,241,243,244,600,602,604,606,609,614,615,616,617,618,619,620,621,622,623,624,625,626,627,628,630,637,642,643,644,645,647,648,245,246,649,257
248	PIA	PESQUISA INDUSTRIAL ANUAL	2020		30ago.2021 21:43:49	I	202075	223,216,210,613,607,648,647,244,243,200,203,205,207,208,209,212,217,218,230,232,237,239,240,241,600,602,604,606,609,614,615,616,617,618,619,620,621,622,623,624,625,626,627,628,630,637,642,643,644,645,245,246,649,257
249	PAIC	PESQUISA ANUAL DA INDÚSTRIA DA CONSTRUÇÃO	2020		30ago.2021 21:43:57	I	202075	216,613,607,200,203,205,207,208,209,210,212,217,218,223,230,232,237,239,240,241,243,244,600,602,604,606,609,614,615,616,617,618,619,620,621,622,623,624,625,626,627,628,630,637,642,643,644,645,647,648,245,246,649,257
250	SIMCAD	SISTEMA DE MANUTENÇÃO CADASTRAL	2020		30ago.2021 21:44:06	I	202075	606,607,200,201,205,207,208,209,210,212,216,217,222,223,243,244,600,604,609,613,614,616,617,618,619,620,621,622,623,624,625,626,627,628,629,647,648,245,246,649,257,658
251	DCC	GERÊNCIA DO CADASTRO CENTRAL DE EMPRESAS	2020		30ago.2021 21:44:15	I	202080	216,613,200,201,203,205,207,208,209,210,212,217,218,219,220,221,222,223,230,232,237,239,240,241,243,244,600,602,604,606,607,609,614,615,616,617,618,619,620,621,622,623,624,625,626,627,628,629,630,637,642,643,644,645,647,648,245,246,649,257,657,658
252	FASFIL_INI	PESQUISA FASFIL	2020		29nov.2021 15:14:28	I	202075	658
253	CAGED	CADASTRO GERAL DE EMPREGADOS	2021	3	31jan.2022 20:15:12	R	202025	215,606,607,200,201,202,204,206,207,208,209,210,211,214,216,217,223,229,231,243,244,600,601,603,605,608,611,613,614,616,618,619,620,621,622,623,624,625,626,636,647,648,245,246,649,247,248,249,250,251,252,650,651,652,653,654,655,257,617
254	RAIS	RELACAO ANUAL DE INFORMAÇÕES SOCIAIS	2021		30set.2022 7:29:48	R	202150	215,211,606,607,200,201,204,206,207,208,209,210,214,216,217,223,229,231,233,234,235,236,242,243,244,600,601,603,605,608,610,611,612,613,614,616,617,618,619,620,621,622,623,624,625,626,628,629,636,638,639,640,641,646,647,648,245,246,649,247,248,249,250,251,252,650,651,652,653,654,655,257,656,230,232,237
255	RAT_IBGE	RELACAO ANUAL DE INFORMAÇÕES SOCIAIS(EMPREGADO)	2021		30set.2022 7:29:57	S	202185	637,642,253,254,255,256,257,657,203,205,212,232,230,237,239,240,241,243,602,604,609,643,644,645,621,622,623,624,647,237,649
256	PAC	PESQUISA ANUAL DE COMÉRCIO	2021		30set.2022 7:30:06	I	202175	216,613,607,200,203,205,207,208,209,210,212,217,218,223,230,232,237,239,240,241,243,244,600,602,604,606,609,614,615,616,617,618,619,620,621,622,623,624,625,626,627,628,630,637,642,643,644,645,647,648,245,246,649,257
257	PAS	PESQUISA ANUAL DE SERVIÇOS	2021		30set.2022 7:30:13	I	202175	216,613,607,200,203,205,207,208,209,210,212,217,218,223,230,232,237,239,240,241,243,244,600,602,604,606,609,614,615,616,617,618,619,620,621,622,623,624,625,626,627,628,630,637,642,643,644,645,647,648,245,246,649,257
258	PIA	PESQUISA INDUSTRIAL ANUAL	2021		30set.2022 7:30:20	I	202175	223,216,210,613,607,648,647,244,243,200,203,205,207,208,209,212,217,218,230,232,237,239,240,241,600,602,604,606,609,614,615,616,617,618,619,620,621,622,623,624,625,626,627,628,630,637,642,643,644,645,245,246,649,257
259	PAIC	PESQUISA ANUAL DA INDÚSTRIA DA CONSTRUÇÃO	2021		30set.2022 7:30:29	I	202175	216,613,607,200,203,205,207,208,209,210,212,217,218,223,230,232,237,239,240,241,243,244,600,602,604,606,609,614,615,616,617,618,619,620,621,622,623,624,625,626,627,628,630,637,642,643,644,645,647,648,245,246,649,257
260	SIMCAD	SISTEMA DE MANUTENÇÃO CADASTRAL	2021		30set.2022 7:30:36	I	202175	606,607,200,201,205,207,208,209,210,212,216,217,222,223,243,244,600,604,609,613,614,616,617,618,619,620,621,622,623,624,625,626,627,628,629,647,648,245,246,649,257,658
261	DCC	GERÊNCIA DO CADASTRO CENTRAL DE EMPRESAS	2021		30set.2022 7:30:42	I	202180	216,613,200,201,203,205,207,208,209,210,212,217,218,219,220,221,222,223,230,232,237,239,240,241,243,244,600,602,604,606,607,609,614,615,616,617,618,619,620,621,622,623,624,625,626,627,628,629,630,637,642,643,644,645,647,648,245,246,649,257,657,658
262	FASFIL_INI	PESQUISA FASFIL	2021		20out.2022 15:20:06	I	202175	658
263	CAGED	CADASTRO GERAL DE EMPREGADOS	2022	3	01fev.2023 9:22:10	R	202125	215,606,607,200,201,202,204,206,207,208,209,210,211,214,216,217,223,229,231,243,244,600,601,603,605,608,611,613,614,616,618,619,620,621,622,623,624,625,626,636,647,648,245,246,649,247,248,249,250,251,252,650,651,652,653,654,655,257,617